"district","sex","age_category","population"
"總  計","計","0~4",82475
"總  計","計","5~9",113273
"總  計","計","10~14",113852
"總  計","計","15~19",99917
"總  計","計","20~24",114297
"總  計","計","25~29",138595
"總  計","計","30~34",151100
"總  計","計","35~39",170624
"總  計","計","40~44",212129
"總  計","計","45~49",199468
"總  計","計","50~54",185459
"總  計","計","55~59",186123
"總  計","計","60~64",188516
"總  計","計","65~69",184724
"總  計","計","70~74",159093
"總  計","計","75~79",88725
"總  計","計","80~84",62550
"總  計","計","85~89",35751
"總  計","計","90~94",17855
"總  計","計","95~99",5657
"總  計","計","0",14762
"總  計","計","1",14225
"總  計","計","2",16699
"總  計","計","3",17421
"總  計","計","4",19368
"總  計","計","5",20102
"總  計","計","6",21192
"總  計","計","7",23114
"總  計","計","8",24000
"總  計","計","9",24865
"總  計","計","10",22411
"總  計","計","11",27271
"總  計","計","12",23594
"總  計","計","13",19534
"總  計","計","14",21042
"總  計","計","15",20325
"總  計","計","16",21076
"總  計","計","17",19880
"總  計","計","18",19165
"總  計","計","19",19471
"總  計","計","20",19642
"總  計","計","21",21434
"總  計","計","22",21693
"總  計","計","23",26440
"總  計","計","24",25088
"總  計","計","25",23458
"總  計","計","26",27987
"總  計","計","27",28208
"總  計","計","28",29739
"總  計","計","29",29203
"總  計","計","30",29506
"總  計","計","31",29487
"總  計","計","32",29567
"總  計","計","33",32255
"總  計","計","34",30285
"總  計","計","35",34484
"總  計","計","36",31359
"總  計","計","37",30929
"總  計","計","38",35385
"總  計","計","39",38467
"總  計","計","40",39753
"總  計","計","41",42245
"總  計","計","42",43757
"總  計","計","43",42771
"總  計","計","44",43603
"總  計","計","45",42379
"總  計","計","46",38086
"總  計","計","47",45058
"總  計","計","48",37129
"總  計","計","49",36816
"總  計","計","50",36313
"總  計","計","51",35846
"總  計","計","52",37006
"總  計","計","53",38182
"總  計","計","54",38112
"總  計","計","55",37597
"總  計","計","56",36038
"總  計","計","57",36946
"總  計","計","58",37322
"總  計","計","59",38220
"總  計","計","60",38506
"總  計","計","61",37777
"總  計","計","62",37042
"總  計","計","63",37766
"總  計","計","64",37425
"總  計","計","65",38307
"總  計","計","66",36198
"總  計","計","67",37665
"總  計","計","68",37165
"總  計","計","69",35389
"總  計","計","70",34185
"總  計","計","71",33971
"總  計","計","72",33651
"總  計","計","73",29534
"總  計","計","74",27752
"總  計","計","75",23576
"總  計","計","76",21043
"總  計","計","77",16339
"總  計","計","78",13046
"總  計","計","79",14721
"總  計","計","80",14315
"總  計","計","81",13412
"總  計","計","82",12556
"總  計","計","83",11839
"總  計","計","84",10428
"總  計","計","85",9229
"總  計","計","86",8005
"總  計","計","87",6988
"總  計","計","88",6265
"總  計","計","89",5264
"總  計","計","90",4680
"總  計","計","91",4114
"總  計","計","92",3638
"總  計","計","93",2990
"總  計","計","94",2433
"總  計","計","95",1857
"總  計","計","96",1465
"總  計","計","97",1098
"總  計","計","98",716
"總  計","計","99",521
"總  計","計","100",1108
"總  計","計","總計",2511291
"總  計","男","0~4",42428
"總  計","男","5~9",58348
"總  計","男","10~14",58850
"總  計","男","15~19",52012
"總  計","男","20~24",58966
"總  計","男","25~29",70061
"總  計","男","30~34",74106
"總  計","男","35~39",79858
"總  計","男","40~44",98922
"總  計","男","45~49",92398
"總  計","男","50~54",85642
"總  計","男","55~59",85537
"總  計","男","60~64",85911
"總  計","男","65~69",83906
"總  計","男","70~74",71365
"總  計","男","75~79",39112
"總  計","男","80~84",25549
"總  計","男","85~89",13229
"總  計","男","90~94",7277
"總  計","男","95~99",2494
"總  計","男","0",7609
"總  計","男","1",7271
"總  計","男","2",8555
"總  計","男","3",9048
"總  計","男","4",9945
"總  計","男","5",10346
"總  計","男","6",10904
"總  計","男","7",11950
"總  計","男","8",12434
"總  計","男","9",12714
"總  計","男","10",11582
"總  計","男","11",14063
"總  計","男","12",12255
"總  計","男","13",10155
"總  計","男","14",10795
"總  計","男","15",10607
"總  計","男","16",10916
"總  計","男","17",10233
"總  計","男","18",10078
"總  計","男","19",10178
"總  計","男","20",10101
"總  計","男","21",11134
"總  計","男","22",11121
"總  計","男","23",13662
"總  計","男","24",12948
"總  計","男","25",12092
"總  計","男","26",14230
"總  計","男","27",14174
"總  計","男","28",14953
"總  計","男","29",14612
"總  計","男","30",14558
"總  計","男","31",14567
"總  計","男","32",14663
"總  計","男","33",15743
"總  計","男","34",14575
"總  計","男","35",16281
"總  計","男","36",14823
"總  計","男","37",14239
"總  計","男","38",16473
"總  計","男","39",18042
"總  計","男","40",18520
"總  計","男","41",19902
"總  計","男","42",20323
"總  計","男","43",20009
"總  計","男","44",20168
"總  計","男","45",19755
"總  計","男","46",17623
"總  計","男","47",21027
"總  計","男","48",16961
"總  計","男","49",17032
"總  計","男","50",17096
"總  計","男","51",16553
"總  計","男","52",17015
"總  計","男","53",17618
"總  計","男","54",17360
"總  計","男","55",17194
"總  計","男","56",16587
"總  計","男","57",16977
"總  計","男","58",17232
"總  計","男","59",17547
"總  計","男","60",17573
"總  計","男","61",17257
"總  計","男","62",16933
"總  計","男","63",17280
"總  計","男","64",16868
"總  計","男","65",17419
"總  計","男","66",16148
"總  計","男","67",17041
"總  計","男","68",17073
"總  計","男","69",16225
"總  計","男","70",15537
"總  計","男","71",15369
"總  計","男","72",15092
"總  計","男","73",13068
"總  計","男","74",12299
"總  計","男","75",10528
"總  計","男","76",9284
"總  計","男","77",7377
"總  計","男","78",5598
"總  計","男","79",6325
"總  計","男","80",6041
"總  計","男","81",5696
"總  計","男","82",5057
"總  計","男","83",4743
"總  計","男","84",4012
"總  計","男","85",3531
"總  計","男","86",2941
"總  計","男","87",2555
"總  計","男","88",2241
"總  計","男","89",1961
"總  計","男","90",1790
"總  計","男","91",1619
"總  計","男","92",1530
"總  計","男","93",1289
"總  計","男","94",1049
"總  計","男","95",806
"總  計","男","96",667
"總  計","男","97",480
"總  計","男","98",323
"總  計","男","99",218
"總  計","男","100",514
"總  計","男","總計",1186485
"總  計","女","0~4",40047
"總  計","女","5~9",54925
"總  計","女","10~14",55002
"總  計","女","15~19",47905
"總  計","女","20~24",55331
"總  計","女","25~29",68534
"總  計","女","30~34",76994
"總  計","女","35~39",90766
"總  計","女","40~44",113207
"總  計","女","45~49",107070
"總  計","女","50~54",99817
"總  計","女","55~59",100586
"總  計","女","60~64",102605
"總  計","女","65~69",100818
"總  計","女","70~74",87728
"總  計","女","75~79",49613
"總  計","女","80~84",37001
"總  計","女","85~89",22522
"總  計","女","90~94",10578
"總  計","女","95~99",3163
"總  計","女","0",7153
"總  計","女","1",6954
"總  計","女","2",8144
"總  計","女","3",8373
"總  計","女","4",9423
"總  計","女","5",9756
"總  計","女","6",10288
"總  計","女","7",11164
"總  計","女","8",11566
"總  計","女","9",12151
"總  計","女","10",10829
"總  計","女","11",13208
"總  計","女","12",11339
"總  計","女","13",9379
"總  計","女","14",10247
"總  計","女","15",9718
"總  計","女","16",10160
"總  計","女","17",9647
"總  計","女","18",9087
"總  計","女","19",9293
"總  計","女","20",9541
"總  計","女","21",10300
"總  計","女","22",10572
"總  計","女","23",12778
"總  計","女","24",12140
"總  計","女","25",11366
"總  計","女","26",13757
"總  計","女","27",14034
"總  計","女","28",14786
"總  計","女","29",14591
"總  計","女","30",14948
"總  計","女","31",14920
"總  計","女","32",14904
"總  計","女","33",16512
"總  計","女","34",15710
"總  計","女","35",18203
"總  計","女","36",16536
"總  計","女","37",16690
"總  計","女","38",18912
"總  計","女","39",20425
"總  計","女","40",21233
"總  計","女","41",22343
"總  計","女","42",23434
"總  計","女","43",22762
"總  計","女","44",23435
"總  計","女","45",22624
"總  計","女","46",20463
"總  計","女","47",24031
"總  計","女","48",20168
"總  計","女","49",19784
"總  計","女","50",19217
"總  計","女","51",19293
"總  計","女","52",19991
"總  計","女","53",20564
"總  計","女","54",20752
"總  計","女","55",20403
"總  計","女","56",19451
"總  計","女","57",19969
"總  計","女","58",20090
"總  計","女","59",20673
"總  計","女","60",20933
"總  計","女","61",20520
"總  計","女","62",20109
"總  計","女","63",20486
"總  計","女","64",20557
"總  計","女","65",20888
"總  計","女","66",20050
"總  計","女","67",20624
"總  計","女","68",20092
"總  計","女","69",19164
"總  計","女","70",18648
"總  計","女","71",18602
"總  計","女","72",18559
"總  計","女","73",16466
"總  計","女","74",15453
"總  計","女","75",13048
"總  計","女","76",11759
"總  計","女","77",8962
"總  計","女","78",7448
"總  計","女","79",8396
"總  計","女","80",8274
"總  計","女","81",7716
"總  計","女","82",7499
"總  計","女","83",7096
"總  計","女","84",6416
"總  計","女","85",5698
"總  計","女","86",5064
"總  計","女","87",4433
"總  計","女","88",4024
"總  計","女","89",3303
"總  計","女","90",2890
"總  計","女","91",2495
"總  計","女","92",2108
"總  計","女","93",1701
"總  計","女","94",1384
"總  計","女","95",1051
"總  計","女","96",798
"總  計","女","97",618
"總  計","女","98",393
"總  計","女","99",303
"總  計","女","100",594
"總  計","女","總計",1324806
"松山區","計","0~4",6263
"松山區","計","5~9",9733
"松山區","計","10~14",11009
"松山區","計","15~19",7706
"松山區","計","20~24",8326
"松山區","計","25~29",9719
"松山區","計","30~34",10520
"松山區","計","35~39",12166
"松山區","計","40~44",16273
"松山區","計","45~49",15691
"松山區","計","50~54",14032
"松山區","計","55~59",13550
"松山區","計","60~64",13621
"松山區","計","65~69",13673
"松山區","計","70~74",12817
"松山區","計","75~79",7872
"松山區","計","80~84",5278
"松山區","計","85~89",2958
"松山區","計","90~94",1561
"松山區","計","95~99",554
"松山區","計","0",1068
"松山區","計","1",1057
"松山區","計","2",1324
"松山區","計","3",1304
"松山區","計","4",1510
"松山區","計","5",1579
"松山區","計","6",1724
"松山區","計","7",1996
"松山區","計","8",2089
"松山區","計","9",2345
"松山區","計","10",2245
"松山區","計","11",2794
"松山區","計","12",2295
"松山區","計","13",1851
"松山區","計","14",1824
"松山區","計","15",1692
"松山區","計","16",1641
"松山區","計","17",1507
"松山區","計","18",1440
"松山區","計","19",1426
"松山區","計","20",1402
"松山區","計","21",1577
"松山區","計","22",1565
"松山區","計","23",1951
"松山區","計","24",1831
"松山區","計","25",1610
"松山區","計","26",1974
"松山區","計","27",1981
"松山區","計","28",2123
"松山區","計","29",2031
"松山區","計","30",2038
"松山區","計","31",2093
"松山區","計","32",1999
"松山區","計","33",2250
"松山區","計","34",2140
"松山區","計","35",2406
"松山區","計","36",2282
"松山區","計","37",2108
"松山區","計","38",2495
"松山區","計","39",2875
"松山區","計","40",2949
"松山區","計","41",3150
"松山區","計","42",3320
"松山區","計","43",3417
"松山區","計","44",3437
"松山區","計","45",3254
"松山區","計","46",2963
"松山區","計","47",3603
"松山區","計","48",2916
"松山區","計","49",2955
"松山區","計","50",2794
"松山區","計","51",2764
"松山區","計","52",2902
"松山區","計","53",2829
"松山區","計","54",2743
"松山區","計","55",2742
"松山區","計","56",2711
"松山區","計","57",2689
"松山區","計","58",2651
"松山區","計","59",2757
"松山區","計","60",2803
"松山區","計","61",2700
"松山區","計","62",2729
"松山區","計","63",2735
"松山區","計","64",2654
"松山區","計","65",2786
"松山區","計","66",2647
"松山區","計","67",2787
"松山區","計","68",2796
"松山區","計","69",2657
"松山區","計","70",2682
"松山區","計","71",2612
"松山區","計","72",2708
"松山區","計","73",2485
"松山區","計","74",2330
"松山區","計","75",2046
"松山區","計","76",1875
"松山區","計","77",1506
"松山區","計","78",1144
"松山區","計","79",1301
"松山區","計","80",1232
"松山區","計","81",1120
"松山區","計","82",1062
"松山區","計","83",1060
"松山區","計","84",804
"松山區","計","85",761
"松山區","計","86",658
"松山區","計","87",566
"松山區","計","88",527
"松山區","計","89",446
"松山區","計","90",412
"松山區","計","91",355
"松山區","計","92",341
"松山區","計","93",240
"松山區","計","94",213
"松山區","計","95",164
"松山區","計","96",169
"松山區","計","97",114
"松山區","計","98",57
"松山區","計","99",50
"松山區","計","100",131
"松山區","計","總計",193453
"松山區","男","0~4",3273
"松山區","男","5~9",4974
"松山區","男","10~14",5678
"松山區","男","15~19",3986
"松山區","男","20~24",4291
"松山區","男","25~29",4908
"松山區","男","30~34",5080
"松山區","男","35~39",5513
"松山區","男","40~44",7332
"松山區","男","45~49",7046
"松山區","男","50~54",6376
"松山區","男","55~59",6039
"松山區","男","60~64",6039
"松山區","男","65~69",6048
"松山區","男","70~74",5637
"松山區","男","75~79",3434
"松山區","男","80~84",2312
"松山區","男","85~89",1069
"松山區","男","90~94",659
"松山區","男","95~99",245
"松山區","男","0",556
"松山區","男","1",544
"松山區","男","2",684
"松山區","男","3",698
"松山區","男","4",791
"松山區","男","5",822
"松山區","男","6",879
"松山區","男","7",1015
"松山區","男","8",1086
"松山區","男","9",1172
"松山區","男","10",1188
"松山區","男","11",1433
"松山區","男","12",1160
"松山區","男","13",998
"松山區","男","14",899
"松山區","男","15",877
"松山區","男","16",872
"松山區","男","17",744
"松山區","男","18",755
"松山區","男","19",738
"松山區","男","20",745
"松山區","男","21",795
"松山區","男","22",807
"松山區","男","23",1002
"松山區","男","24",942
"松山區","男","25",848
"松山區","男","26",961
"松山區","男","27",1007
"松山區","男","28",1094
"松山區","男","29",998
"松山區","男","30",1042
"松山區","男","31",1012
"松山區","男","32",962
"松山區","男","33",1084
"松山區","男","34",980
"松山區","男","35",1102
"松山區","男","36",1064
"松山區","男","37",962
"松山區","男","38",1102
"松山區","男","39",1283
"松山區","男","40",1323
"松山區","男","41",1459
"松山區","男","42",1459
"松山區","男","43",1499
"松山區","男","44",1592
"松山區","男","45",1498
"松山區","男","46",1319
"松山區","男","47",1616
"松山區","男","48",1253
"松山區","男","49",1360
"松山區","男","50",1218
"松山區","男","51",1281
"松山區","男","52",1342
"松山區","男","53",1285
"松山區","男","54",1250
"松山區","男","55",1152
"松山區","男","56",1273
"松山區","男","57",1216
"松山區","男","58",1130
"松山區","男","59",1268
"松山區","男","60",1220
"松山區","男","61",1165
"松山區","男","62",1260
"松山區","男","63",1237
"松山區","男","64",1157
"松山區","男","65",1202
"松山區","男","66",1144
"松山區","男","67",1218
"松山區","男","68",1282
"松山區","男","69",1202
"松山區","男","70",1181
"松山區","男","71",1129
"松山區","男","72",1160
"松山區","男","73",1145
"松山區","男","74",1022
"松山區","男","75",873
"松山區","男","76",835
"松山區","男","77",664
"松山區","男","78",480
"松山區","男","79",582
"松山區","男","80",547
"松山區","男","81",516
"松山區","男","82",460
"松山區","男","83",455
"松山區","男","84",334
"松山區","男","85",286
"松山區","男","86",231
"松山區","男","87",205
"松山區","男","88",183
"松山區","男","89",164
"松山區","男","90",173
"松山區","男","91",159
"松山區","男","92",140
"松山區","男","93",97
"松山區","男","94",90
"松山區","男","95",61
"松山區","男","96",81
"松山區","男","97",56
"松山區","男","98",26
"松山區","男","99",21
"松山區","男","100",53
"松山區","男","總計",89992
"松山區","女","0~4",2990
"松山區","女","5~9",4759
"松山區","女","10~14",5331
"松山區","女","15~19",3720
"松山區","女","20~24",4035
"松山區","女","25~29",4811
"松山區","女","30~34",5440
"松山區","女","35~39",6653
"松山區","女","40~44",8941
"松山區","女","45~49",8645
"松山區","女","50~54",7656
"松山區","女","55~59",7511
"松山區","女","60~64",7582
"松山區","女","65~69",7625
"松山區","女","70~74",7180
"松山區","女","75~79",4438
"松山區","女","80~84",2966
"松山區","女","85~89",1889
"松山區","女","90~94",902
"松山區","女","95~99",309
"松山區","女","0",512
"松山區","女","1",513
"松山區","女","2",640
"松山區","女","3",606
"松山區","女","4",719
"松山區","女","5",757
"松山區","女","6",845
"松山區","女","7",981
"松山區","女","8",1003
"松山區","女","9",1173
"松山區","女","10",1057
"松山區","女","11",1361
"松山區","女","12",1135
"松山區","女","13",853
"松山區","女","14",925
"松山區","女","15",815
"松山區","女","16",769
"松山區","女","17",763
"松山區","女","18",685
"松山區","女","19",688
"松山區","女","20",657
"松山區","女","21",782
"松山區","女","22",758
"松山區","女","23",949
"松山區","女","24",889
"松山區","女","25",762
"松山區","女","26",1013
"松山區","女","27",974
"松山區","女","28",1029
"松山區","女","29",1033
"松山區","女","30",996
"松山區","女","31",1081
"松山區","女","32",1037
"松山區","女","33",1166
"松山區","女","34",1160
"松山區","女","35",1304
"松山區","女","36",1218
"松山區","女","37",1146
"松山區","女","38",1393
"松山區","女","39",1592
"松山區","女","40",1626
"松山區","女","41",1691
"松山區","女","42",1861
"松山區","女","43",1918
"松山區","女","44",1845
"松山區","女","45",1756
"松山區","女","46",1644
"松山區","女","47",1987
"松山區","女","48",1663
"松山區","女","49",1595
"松山區","女","50",1576
"松山區","女","51",1483
"松山區","女","52",1560
"松山區","女","53",1544
"松山區","女","54",1493
"松山區","女","55",1590
"松山區","女","56",1438
"松山區","女","57",1473
"松山區","女","58",1521
"松山區","女","59",1489
"松山區","女","60",1583
"松山區","女","61",1535
"松山區","女","62",1469
"松山區","女","63",1498
"松山區","女","64",1497
"松山區","女","65",1584
"松山區","女","66",1503
"松山區","女","67",1569
"松山區","女","68",1514
"松山區","女","69",1455
"松山區","女","70",1501
"松山區","女","71",1483
"松山區","女","72",1548
"松山區","女","73",1340
"松山區","女","74",1308
"松山區","女","75",1173
"松山區","女","76",1040
"松山區","女","77",842
"松山區","女","78",664
"松山區","女","79",719
"松山區","女","80",685
"松山區","女","81",604
"松山區","女","82",602
"松山區","女","83",605
"松山區","女","84",470
"松山區","女","85",475
"松山區","女","86",427
"松山區","女","87",361
"松山區","女","88",344
"松山區","女","89",282
"松山區","女","90",239
"松山區","女","91",196
"松山區","女","92",201
"松山區","女","93",143
"松山區","女","94",123
"松山區","女","95",103
"松山區","女","96",88
"松山區","女","97",58
"松山區","女","98",31
"松山區","女","99",29
"松山區","女","100",78
"松山區","女","總計",103461
"信義區","計","0~4",6631
"信義區","計","5~9",7688
"信義區","計","10~14",7285
"信義區","計","15~19",7425
"信義區","計","20~24",9373
"信義區","計","25~29",11595
"信義區","計","30~34",13136
"信義區","計","35~39",14419
"信義區","計","40~44",16677
"信義區","計","45~49",15749
"信義區","計","50~54",15445
"信義區","計","55~59",15683
"信義區","計","60~64",15950
"信義區","計","65~69",15839
"信義區","計","70~74",14287
"信義區","計","75~79",8250
"信義區","計","80~84",5880
"信義區","計","85~89",3117
"信義區","計","90~94",1606
"信義區","計","95~99",516
"信義區","計","0",1281
"信義區","計","1",1151
"信義區","計","2",1280
"信義區","計","3",1439
"信義區","計","4",1480
"信義區","計","5",1471
"信義區","計","6",1461
"信義區","計","7",1577
"信義區","計","8",1584
"信義區","計","9",1595
"信義區","計","10",1449
"信義區","計","11",1583
"信義區","計","12",1449
"信義區","計","13",1357
"信義區","計","14",1447
"信義區","計","15",1456
"信義區","計","16",1546
"信義區","計","17",1435
"信義區","計","18",1489
"信義區","計","19",1499
"信義區","計","20",1601
"信義區","計","21",1704
"信義區","計","22",1828
"信義區","計","23",2209
"信義區","計","24",2031
"信義區","計","25",1855
"信義區","計","26",2334
"信義區","計","27",2399
"信義區","計","28",2488
"信義區","計","29",2519
"信義區","計","30",2586
"信義區","計","31",2573
"信義區","計","32",2528
"信義區","計","33",2798
"信義區","計","34",2651
"信義區","計","35",3024
"信義區","計","36",2600
"信義區","計","37",2665
"信義區","計","38",2998
"信義區","計","39",3132
"信義區","計","40",3181
"信義區","計","41",3351
"信義區","計","42",3469
"信義區","計","43",3298
"信義區","計","44",3378
"信義區","計","45",3355
"信義區","計","46",2927
"信義區","計","47",3566
"信義區","計","48",2925
"信義區","計","49",2976
"信義區","計","50",3030
"信義區","計","51",2960
"信義區","計","52",3038
"信義區","計","53",3176
"信義區","計","54",3241
"信義區","計","55",3100
"信義區","計","56",2995
"信義區","計","57",3205
"信義區","計","58",3216
"信義區","計","59",3167
"信義區","計","60",3296
"信義區","計","61",3222
"信義區","計","62",3099
"信義區","計","63",3122
"信義區","計","64",3211
"信義區","計","65",3268
"信義區","計","66",3098
"信義區","計","67",3241
"信義區","計","68",3179
"信義區","計","69",3053
"信義區","計","70",2984
"信義區","計","71",2979
"信義區","計","72",3051
"信義區","計","73",2678
"信義區","計","74",2595
"信義區","計","75",2201
"信義區","計","76",1963
"信義區","計","77",1503
"信義區","計","78",1256
"信義區","計","79",1327
"信義區","計","80",1350
"信義區","計","81",1298
"信義區","計","82",1186
"信義區","計","83",1094
"信義區","計","84",952
"信義區","計","85",808
"信義區","計","86",691
"信義區","計","87",620
"信義區","計","88",559
"信義區","計","89",439
"信義區","計","90",418
"信義區","計","91",345
"信義區","計","92",321
"信義區","計","93",296
"信義區","計","94",226
"信義區","計","95",158
"信義區","計","96",116
"信義區","計","97",105
"信義區","計","98",87
"信義區","計","99",50
"信義區","計","100",115
"信義區","計","總計",206666
"信義區","男","0~4",3415
"信義區","男","5~9",3920
"信義區","男","10~14",3855
"信義區","男","15~19",3913
"信義區","男","20~24",4877
"信義區","男","25~29",5906
"信義區","男","30~34",6393
"信義區","男","35~39",6789
"信義區","男","40~44",7822
"信義區","男","45~49",7335
"信義區","男","50~54",7197
"信義區","男","55~59",7113
"信義區","男","60~64",7316
"信義區","男","65~69",7184
"信義區","男","70~74",6224
"信義區","男","75~79",3556
"信義區","男","80~84",2333
"信義區","男","85~89",1165
"信義區","男","90~94",697
"信義區","男","95~99",261
"信義區","男","0",691
"信義區","男","1",591
"信義區","男","2",657
"信義區","男","3",737
"信義區","男","4",739
"信義區","男","5",773
"信義區","男","6",730
"信義區","男","7",779
"信義區","男","8",821
"信義區","男","9",817
"信義區","男","10",757
"信義區","男","11",842
"信義區","男","12",757
"信義區","男","13",722
"信義區","男","14",777
"信義區","男","15",760
"信義區","男","16",791
"信義區","男","17",749
"信義區","男","18",821
"信義區","男","19",792
"信義區","男","20",806
"信義區","男","21",898
"信義區","男","22",979
"信義區","男","23",1146
"信義區","男","24",1048
"信義區","男","25",980
"信義區","男","26",1191
"信義區","男","27",1215
"信義區","男","28",1244
"信義區","男","29",1276
"信義區","男","30",1277
"信義區","男","31",1251
"信義區","男","32",1216
"信義區","男","33",1361
"信義區","男","34",1288
"信義區","男","35",1429
"信義區","男","36",1252
"信義區","男","37",1231
"信義區","男","38",1391
"信義區","男","39",1486
"信義區","男","40",1521
"信義區","男","41",1546
"信義區","男","42",1644
"信義區","男","43",1504
"信義區","男","44",1607
"信義區","男","45",1573
"信義區","男","46",1349
"信義區","男","47",1701
"信義區","男","48",1339
"信義區","男","49",1373
"信義區","男","50",1505
"信義區","男","51",1345
"信義區","男","52",1379
"信義區","男","53",1482
"信義區","男","54",1486
"信義區","男","55",1399
"信義區","男","56",1350
"信義區","男","57",1466
"信義區","男","58",1470
"信義區","男","59",1428
"信義區","男","60",1495
"信義區","男","61",1545
"信義區","男","62",1424
"信義區","男","63",1406
"信義區","男","64",1446
"信義區","男","65",1506
"信義區","男","66",1368
"信義區","男","67",1460
"信義區","男","68",1461
"信義區","男","69",1389
"信義區","男","70",1323
"信義區","男","71",1307
"信義區","男","72",1300
"信義區","男","73",1149
"信義區","男","74",1145
"信義區","男","75",952
"信義區","男","76",855
"信義區","男","77",669
"信義區","男","78",539
"信義區","男","79",541
"信義區","男","80",554
"信義區","男","81",527
"信義區","男","82",442
"信義區","男","83",440
"信義區","男","84",370
"信義區","男","85",311
"信義區","男","86",251
"信義區","男","87",236
"信義區","男","88",200
"信義區","男","89",167
"信義區","男","90",172
"信義區","男","91",131
"信義區","男","92",150
"信義區","男","93",133
"信義區","男","94",111
"信義區","男","95",77
"信義區","男","96",56
"信義區","男","97",56
"信義區","男","98",48
"信義區","男","99",24
"信義區","男","100",62
"信義區","男","總計",97333
"信義區","女","0~4",3216
"信義區","女","5~9",3768
"信義區","女","10~14",3430
"信義區","女","15~19",3512
"信義區","女","20~24",4496
"信義區","女","25~29",5689
"信義區","女","30~34",6743
"信義區","女","35~39",7630
"信義區","女","40~44",8855
"信義區","女","45~49",8414
"信義區","女","50~54",8248
"信義區","女","55~59",8570
"信義區","女","60~64",8634
"信義區","女","65~69",8655
"信義區","女","70~74",8063
"信義區","女","75~79",4694
"信義區","女","80~84",3547
"信義區","女","85~89",1952
"信義區","女","90~94",909
"信義區","女","95~99",255
"信義區","女","0",590
"信義區","女","1",560
"信義區","女","2",623
"信義區","女","3",702
"信義區","女","4",741
"信義區","女","5",698
"信義區","女","6",731
"信義區","女","7",798
"信義區","女","8",763
"信義區","女","9",778
"信義區","女","10",692
"信義區","女","11",741
"信義區","女","12",692
"信義區","女","13",635
"信義區","女","14",670
"信義區","女","15",696
"信義區","女","16",755
"信義區","女","17",686
"信義區","女","18",668
"信義區","女","19",707
"信義區","女","20",795
"信義區","女","21",806
"信義區","女","22",849
"信義區","女","23",1063
"信義區","女","24",983
"信義區","女","25",875
"信義區","女","26",1143
"信義區","女","27",1184
"信義區","女","28",1244
"信義區","女","29",1243
"信義區","女","30",1309
"信義區","女","31",1322
"信義區","女","32",1312
"信義區","女","33",1437
"信義區","女","34",1363
"信義區","女","35",1595
"信義區","女","36",1348
"信義區","女","37",1434
"信義區","女","38",1607
"信義區","女","39",1646
"信義區","女","40",1660
"信義區","女","41",1805
"信義區","女","42",1825
"信義區","女","43",1794
"信義區","女","44",1771
"信義區","女","45",1782
"信義區","女","46",1578
"信義區","女","47",1865
"信義區","女","48",1586
"信義區","女","49",1603
"信義區","女","50",1525
"信義區","女","51",1615
"信義區","女","52",1659
"信義區","女","53",1694
"信義區","女","54",1755
"信義區","女","55",1701
"信義區","女","56",1645
"信義區","女","57",1739
"信義區","女","58",1746
"信義區","女","59",1739
"信義區","女","60",1801
"信義區","女","61",1677
"信義區","女","62",1675
"信義區","女","63",1716
"信義區","女","64",1765
"信義區","女","65",1762
"信義區","女","66",1730
"信義區","女","67",1781
"信義區","女","68",1718
"信義區","女","69",1664
"信義區","女","70",1661
"信義區","女","71",1672
"信義區","女","72",1751
"信義區","女","73",1529
"信義區","女","74",1450
"信義區","女","75",1249
"信義區","女","76",1108
"信義區","女","77",834
"信義區","女","78",717
"信義區","女","79",786
"信義區","女","80",796
"信義區","女","81",771
"信義區","女","82",744
"信義區","女","83",654
"信義區","女","84",582
"信義區","女","85",497
"信義區","女","86",440
"信義區","女","87",384
"信義區","女","88",359
"信義區","女","89",272
"信義區","女","90",246
"信義區","女","91",214
"信義區","女","92",171
"信義區","女","93",163
"信義區","女","94",115
"信義區","女","95",81
"信義區","女","96",60
"信義區","女","97",49
"信義區","女","98",39
"信義區","女","99",26
"信義區","女","100",53
"信義區","女","總計",109333
"大安區","計","0~4",9833
"大安區","計","5~9",15604
"大安區","計","10~14",16777
"大安區","計","15~19",12120
"大安區","計","20~24",12413
"大安區","計","25~29",14172
"大安區","計","30~34",14515
"大安區","計","35~39",17301
"大安區","計","40~44",23493
"大安區","計","45~49",23281
"大安區","計","50~54",20704
"大安區","計","55~59",20479
"大安區","計","60~64",20553
"大安區","計","65~69",20812
"大安區","計","70~74",19902
"大安區","計","75~79",12310
"大安區","計","80~84",8607
"大安區","計","85~89",5079
"大安區","計","90~94",2661
"大安區","計","95~99",888
"大安區","計","0",1561
"大安區","計","1",1748
"大安區","計","2",1933
"大安區","計","3",2154
"大安區","計","4",2437
"大安區","計","5",2531
"大安區","計","6",2787
"大安區","計","7",3200
"大安區","計","8",3397
"大安區","計","9",3689
"大安區","計","10",3359
"大安區","計","11",4190
"大安區","計","12",3476
"大安區","計","13",2886
"大安區","計","14",2866
"大安區","計","15",2653
"大安區","計","16",2795
"大安區","計","17",2349
"大安區","計","18",2193
"大安區","計","19",2130
"大安區","計","20",2220
"大安區","計","21",2307
"大安區","計","22",2316
"大安區","計","23",2910
"大安區","計","24",2660
"大安區","計","25",2529
"大安區","計","26",2818
"大安區","計","27",2910
"大安區","計","28",2993
"大安區","計","29",2922
"大安區","計","30",2822
"大安區","計","31",2850
"大安區","計","32",2852
"大安區","計","33",3133
"大安區","計","34",2858
"大安區","計","35",3339
"大安區","計","36",3019
"大安區","計","37",3165
"大安區","計","38",3659
"大安區","計","39",4119
"大安區","計","40",4202
"大安區","計","41",4587
"大安區","計","42",4887
"大安區","計","43",4839
"大安區","計","44",4978
"大安區","計","45",4998
"大安區","計","46",4385
"大安區","計","47",5344
"大安區","計","48",4312
"大安區","計","49",4242
"大安區","計","50",4094
"大安區","計","51",4011
"大安區","計","52",4171
"大安區","計","53",4168
"大安區","計","54",4260
"大安區","計","55",4031
"大安區","計","56",3934
"大安區","計","57",4040
"大安區","計","58",4143
"大安區","計","59",4331
"大安區","計","60",4181
"大安區","計","61",4147
"大安區","計","62",4018
"大安區","計","63",4126
"大安區","計","64",4081
"大安區","計","65",4190
"大安區","計","66",4097
"大安區","計","67",4206
"大安區","計","68",4139
"大安區","計","69",4180
"大安區","計","70",4064
"大安區","計","71",4161
"大安區","計","72",4169
"大安區","計","73",3875
"大安區","計","74",3633
"大安區","計","75",3231
"大安區","計","76",2976
"大安區","計","77",2262
"大安區","計","78",1822
"大安區","計","79",2019
"大安區","計","80",1989
"大安區","計","81",1836
"大安區","計","82",1735
"大安區","計","83",1618
"大安區","計","84",1429
"大安區","計","85",1293
"大安區","計","86",1106
"大安區","計","87",1013
"大安區","計","88",868
"大安區","計","89",799
"大安區","計","90",648
"大安區","計","91",651
"大安區","計","92",527
"大安區","計","93",433
"大安區","計","94",402
"大安區","計","95",279
"大安區","計","96",229
"大安區","計","97",188
"大安區","計","98",97
"大安區","計","99",95
"大安區","計","100",183
"大安區","計","總計",291687
"大安區","男","0~4",5057
"大安區","男","5~9",8024
"大安區","男","10~14",8608
"大安區","男","15~19",6297
"大安區","男","20~24",6348
"大安區","男","25~29",7091
"大安區","男","30~34",6878
"大安區","男","35~39",7670
"大安區","男","40~44",10403
"大安區","男","45~49",10302
"大安區","男","50~54",9371
"大安區","男","55~59",9231
"大安區","男","60~64",9226
"大安區","男","65~69",9242
"大安區","男","70~74",8706
"大安區","男","75~79",5499
"大安區","男","80~84",3580
"大安區","男","85~89",1995
"大安區","男","90~94",1096
"大安區","男","95~99",369
"大安區","男","0",807
"大安區","男","1",910
"大安區","男","2",989
"大安區","男","3",1099
"大安區","男","4",1252
"大安區","男","5",1270
"大安區","男","6",1419
"大安區","男","7",1672
"大安區","男","8",1737
"大安區","男","9",1926
"大安區","男","10",1711
"大安區","男","11",2157
"大安區","男","12",1782
"大安區","男","13",1486
"大安區","男","14",1472
"大安區","男","15",1348
"大安區","男","16",1485
"大安區","男","17",1219
"大安區","男","18",1115
"大安區","男","19",1130
"大安區","男","20",1157
"大安區","男","21",1209
"大安區","男","22",1170
"大安區","男","23",1467
"大安區","男","24",1345
"大安區","男","25",1286
"大安區","男","26",1440
"大安區","男","27",1472
"大安區","男","28",1455
"大安區","男","29",1438
"大安區","男","30",1411
"大安區","男","31",1320
"大安區","男","32",1354
"大安區","男","33",1462
"大安區","男","34",1331
"大安區","男","35",1510
"大安區","男","36",1321
"大安區","男","37",1408
"大安區","男","38",1635
"大安區","男","39",1796
"大安區","男","40",1895
"大安區","男","41",2067
"大安區","男","42",2146
"大安區","男","43",2169
"大安區","男","44",2126
"大安區","男","45",2212
"大安區","男","46",1951
"大安區","男","47",2399
"大安區","男","48",1877
"大安區","男","49",1863
"大安區","男","50",1899
"大安區","男","51",1846
"大安區","男","52",1854
"大安區","男","53",1873
"大安區","男","54",1899
"大安區","男","55",1822
"大安區","男","56",1773
"大安區","男","57",1792
"大安區","男","58",1883
"大安區","男","59",1961
"大安區","男","60",1893
"大安區","男","61",1879
"大安區","男","62",1802
"大安區","男","63",1868
"大安區","男","64",1784
"大安區","男","65",1889
"大安區","男","66",1756
"大安區","男","67",1803
"大安區","男","68",1895
"大安區","男","69",1899
"大安區","男","70",1761
"大安區","男","71",1841
"大安區","男","72",1836
"大安區","男","73",1653
"大安區","男","74",1615
"大安區","男","75",1427
"大安區","男","76",1338
"大安區","男","77",1017
"大安區","男","78",806
"大安區","男","79",911
"大安區","男","80",868
"大安區","男","81",795
"大安區","男","82",709
"大安區","男","83",672
"大安區","男","84",536
"大安區","男","85",542
"大安區","男","86",410
"大安區","男","87",396
"大安區","男","88",325
"大安區","男","89",322
"大安區","男","90",250
"大安區","男","91",254
"大安區","男","92",223
"大安區","男","93",188
"大安區","男","94",181
"大安區","男","95",117
"大安區","男","96",99
"大安區","男","97",69
"大安區","男","98",44
"大安區","男","99",40
"大安區","男","100",88
"大安區","男","總計",135081
"大安區","女","0~4",4776
"大安區","女","5~9",7580
"大安區","女","10~14",8169
"大安區","女","15~19",5823
"大安區","女","20~24",6065
"大安區","女","25~29",7081
"大安區","女","30~34",7637
"大安區","女","35~39",9631
"大安區","女","40~44",13090
"大安區","女","45~49",12979
"大安區","女","50~54",11333
"大安區","女","55~59",11248
"大安區","女","60~64",11327
"大安區","女","65~69",11570
"大安區","女","70~74",11196
"大安區","女","75~79",6811
"大安區","女","80~84",5027
"大安區","女","85~89",3084
"大安區","女","90~94",1565
"大安區","女","95~99",519
"大安區","女","0",754
"大安區","女","1",838
"大安區","女","2",944
"大安區","女","3",1055
"大安區","女","4",1185
"大安區","女","5",1261
"大安區","女","6",1368
"大安區","女","7",1528
"大安區","女","8",1660
"大安區","女","9",1763
"大安區","女","10",1648
"大安區","女","11",2033
"大安區","女","12",1694
"大安區","女","13",1400
"大安區","女","14",1394
"大安區","女","15",1305
"大安區","女","16",1310
"大安區","女","17",1130
"大安區","女","18",1078
"大安區","女","19",1000
"大安區","女","20",1063
"大安區","女","21",1098
"大安區","女","22",1146
"大安區","女","23",1443
"大安區","女","24",1315
"大安區","女","25",1243
"大安區","女","26",1378
"大安區","女","27",1438
"大安區","女","28",1538
"大安區","女","29",1484
"大安區","女","30",1411
"大安區","女","31",1530
"大安區","女","32",1498
"大安區","女","33",1671
"大安區","女","34",1527
"大安區","女","35",1829
"大安區","女","36",1698
"大安區","女","37",1757
"大安區","女","38",2024
"大安區","女","39",2323
"大安區","女","40",2307
"大安區","女","41",2520
"大安區","女","42",2741
"大安區","女","43",2670
"大安區","女","44",2852
"大安區","女","45",2786
"大安區","女","46",2434
"大安區","女","47",2945
"大安區","女","48",2435
"大安區","女","49",2379
"大安區","女","50",2195
"大安區","女","51",2165
"大安區","女","52",2317
"大安區","女","53",2295
"大安區","女","54",2361
"大安區","女","55",2209
"大安區","女","56",2161
"大安區","女","57",2248
"大安區","女","58",2260
"大安區","女","59",2370
"大安區","女","60",2288
"大安區","女","61",2268
"大安區","女","62",2216
"大安區","女","63",2258
"大安區","女","64",2297
"大安區","女","65",2301
"大安區","女","66",2341
"大安區","女","67",2403
"大安區","女","68",2244
"大安區","女","69",2281
"大安區","女","70",2303
"大安區","女","71",2320
"大安區","女","72",2333
"大安區","女","73",2222
"大安區","女","74",2018
"大安區","女","75",1804
"大安區","女","76",1638
"大安區","女","77",1245
"大安區","女","78",1016
"大安區","女","79",1108
"大安區","女","80",1121
"大安區","女","81",1041
"大安區","女","82",1026
"大安區","女","83",946
"大安區","女","84",893
"大安區","女","85",751
"大安區","女","86",696
"大安區","女","87",617
"大安區","女","88",543
"大安區","女","89",477
"大安區","女","90",398
"大安區","女","91",397
"大安區","女","92",304
"大安區","女","93",245
"大安區","女","94",221
"大安區","女","95",162
"大安區","女","96",130
"大安區","女","97",119
"大安區","女","98",53
"大安區","女","99",55
"大安區","女","100",95
"大安區","女","總計",156606
"中山區","計","0~4",6995
"中山區","計","5~9",8695
"中山區","計","10~14",8255
"中山區","計","15~19",7877
"中山區","計","20~24",9086
"中山區","計","25~29",11557
"中山區","計","30~34",13261
"中山區","計","35~39",14913
"中山區","計","40~44",18230
"中山區","計","45~49",16873
"中山區","計","50~54",16379
"中山區","計","55~59",16827
"中山區","計","60~64",17238
"中山區","計","65~69",16846
"中山區","計","70~74",14624
"中山區","計","75~79",7938
"中山區","計","80~84",5447
"中山區","計","85~89",3274
"中山區","計","90~94",1512
"中山區","計","95~99",466
"中山區","計","0",1336
"中山區","計","1",1219
"中山區","計","2",1397
"中山區","計","3",1444
"中山區","計","4",1599
"中山區","計","5",1640
"中山區","計","6",1675
"中山區","計","7",1775
"中山區","計","8",1750
"中山區","計","9",1855
"中山區","計","10",1630
"中山區","計","11",1892
"中山區","計","12",1734
"中山區","計","13",1413
"中山區","計","14",1586
"中山區","計","15",1572
"中山區","計","16",1613
"中山區","計","17",1626
"中山區","計","18",1524
"中山區","計","19",1542
"中山區","計","20",1588
"中山區","計","21",1658
"中山區","計","22",1779
"中山區","計","23",2037
"中山區","計","24",2024
"中山區","計","25",1917
"中山區","計","26",2351
"中山區","計","27",2391
"中山區","計","28",2434
"中山區","計","29",2464
"中山區","計","30",2594
"中山區","計","31",2562
"中山區","計","32",2648
"中山區","計","33",2837
"中山區","計","34",2620
"中山區","計","35",3014
"中山區","計","36",2760
"中山區","計","37",2746
"中山區","計","38",3109
"中山區","計","39",3284
"中山區","計","40",3428
"中山區","計","41",3614
"中山區","計","42",3787
"中山區","計","43",3686
"中山區","計","44",3715
"中山區","計","45",3565
"中山區","計","46",3223
"中山區","計","47",3788
"中山區","計","48",3118
"中山區","計","49",3179
"中山區","計","50",3253
"中山區","計","51",3271
"中山區","計","52",3141
"中山區","計","53",3405
"中山區","計","54",3309
"中山區","計","55",3414
"中山區","計","56",3273
"中山區","計","57",3342
"中山區","計","58",3395
"中山區","計","59",3403
"中山區","計","60",3538
"中山區","計","61",3426
"中山區","計","62",3378
"中山區","計","63",3476
"中山區","計","64",3420
"中山區","計","65",3471
"中山區","計","66",3301
"中山區","計","67",3347
"中山區","計","68",3474
"中山區","計","69",3253
"中山區","計","70",3137
"中山區","計","71",3087
"中山區","計","72",3101
"中山區","計","73",2717
"中山區","計","74",2582
"中山區","計","75",2124
"中山區","計","76",1941
"中山區","計","77",1500
"中山區","計","78",1061
"中山區","計","79",1312
"中山區","計","80",1250
"中山區","計","81",1156
"中山區","計","82",1112
"中山區","計","83",1012
"中山區","計","84",917
"中山區","計","85",818
"中山區","計","86",743
"中山區","計","87",595
"中山區","計","88",589
"中山區","計","89",529
"中山區","計","90",393
"中山區","計","91",356
"中山區","計","92",310
"中山區","計","93",254
"中山區","計","94",199
"中山區","計","95",164
"中山區","計","96",121
"中山區","計","97",75
"中山區","計","98",59
"中山區","計","99",47
"中山區","計","100",66
"中山區","計","總計",216359
"中山區","男","0~4",3608
"中山區","男","5~9",4422
"中山區","男","10~14",4222
"中山區","男","15~19",4000
"中山區","男","20~24",4598
"中山區","男","25~29",5733
"中山區","男","30~34",6473
"中山區","男","35~39",6836
"中山區","男","40~44",8317
"中山區","男","45~49",7531
"中山區","男","50~54",7260
"中山區","男","55~59",7362
"中山區","男","60~64",7563
"中山區","男","65~69",7221
"中山區","男","70~74",6384
"中山區","男","75~79",3546
"中山區","男","80~84",2262
"中山區","男","85~89",1222
"中山區","男","90~94",584
"中山區","男","95~99",187
"中山區","男","0",678
"中山區","男","1",639
"中山區","男","2",738
"中山區","男","3",742
"中山區","男","4",811
"中山區","男","5",841
"中山區","男","6",840
"中山區","男","7",916
"中山區","男","8",878
"中山區","男","9",947
"中山區","男","10",807
"中山區","男","11",969
"中山區","男","12",920
"中山區","男","13",705
"中山區","男","14",821
"中山區","男","15",791
"中山區","男","16",826
"中山區","男","17",831
"中山區","男","18",782
"中山區","男","19",770
"中山區","男","20",810
"中山區","男","21",827
"中山區","男","22",869
"中山區","男","23",1063
"中山區","男","24",1029
"中山區","男","25",970
"中山區","男","26",1175
"中山區","男","27",1130
"中山區","男","28",1206
"中山區","男","29",1252
"中山區","男","30",1278
"中山區","男","31",1274
"中山區","男","32",1307
"中山區","男","33",1364
"中山區","男","34",1250
"中山區","男","35",1363
"中山區","男","36",1280
"中山區","男","37",1245
"中山區","男","38",1439
"中山區","男","39",1509
"中山區","男","40",1527
"中山區","男","41",1651
"中山區","男","42",1705
"中山區","男","43",1758
"中山區","男","44",1676
"中山區","男","45",1640
"中山區","男","46",1446
"中山區","男","47",1699
"中山區","男","48",1368
"中山區","男","49",1378
"中山區","男","50",1472
"中山區","男","51",1426
"中山區","男","52",1397
"中山區","男","53",1534
"中山區","男","54",1431
"中山區","男","55",1482
"中山區","男","56",1399
"中山區","男","57",1480
"中山區","男","58",1484
"中山區","男","59",1517
"中山區","男","60",1573
"中山區","男","61",1477
"中山區","男","62",1508
"中山區","男","63",1549
"中山區","男","64",1456
"中山區","男","65",1517
"中山區","男","66",1396
"中山區","男","67",1432
"中山區","男","68",1461
"中山區","男","69",1415
"中山區","男","70",1333
"中山區","男","71",1329
"中山區","男","72",1370
"中山區","男","73",1229
"中山區","男","74",1123
"中山區","男","75",954
"中山區","男","76",867
"中山區","男","77",697
"中山區","男","78",469
"中山區","男","79",559
"中山區","男","80",542
"中山區","男","81",475
"中山區","男","82",464
"中山區","男","83",398
"中山區","男","84",383
"中山區","男","85",342
"中山區","男","86",265
"中山區","男","87",206
"中山區","男","88",219
"中山區","男","89",190
"中山區","男","90",154
"中山區","男","91",124
"中山區","男","92",123
"中山區","男","93",107
"中山區","男","94",76
"中山區","男","95",59
"中山區","男","96",54
"中山區","男","97",29
"中山區","男","98",27
"中山區","男","99",18
"中山區","男","100",27
"中山區","男","總計",99358
"中山區","女","0~4",3387
"中山區","女","5~9",4273
"中山區","女","10~14",4033
"中山區","女","15~19",3877
"中山區","女","20~24",4488
"中山區","女","25~29",5824
"中山區","女","30~34",6788
"中山區","女","35~39",8077
"中山區","女","40~44",9913
"中山區","女","45~49",9342
"中山區","女","50~54",9119
"中山區","女","55~59",9465
"中山區","女","60~64",9675
"中山區","女","65~69",9625
"中山區","女","70~74",8240
"中山區","女","75~79",4392
"中山區","女","80~84",3185
"中山區","女","85~89",2052
"中山區","女","90~94",928
"中山區","女","95~99",279
"中山區","女","0",658
"中山區","女","1",580
"中山區","女","2",659
"中山區","女","3",702
"中山區","女","4",788
"中山區","女","5",799
"中山區","女","6",835
"中山區","女","7",859
"中山區","女","8",872
"中山區","女","9",908
"中山區","女","10",823
"中山區","女","11",923
"中山區","女","12",814
"中山區","女","13",708
"中山區","女","14",765
"中山區","女","15",781
"中山區","女","16",787
"中山區","女","17",795
"中山區","女","18",742
"中山區","女","19",772
"中山區","女","20",778
"中山區","女","21",831
"中山區","女","22",910
"中山區","女","23",974
"中山區","女","24",995
"中山區","女","25",947
"中山區","女","26",1176
"中山區","女","27",1261
"中山區","女","28",1228
"中山區","女","29",1212
"中山區","女","30",1316
"中山區","女","31",1288
"中山區","女","32",1341
"中山區","女","33",1473
"中山區","女","34",1370
"中山區","女","35",1651
"中山區","女","36",1480
"中山區","女","37",1501
"中山區","女","38",1670
"中山區","女","39",1775
"中山區","女","40",1901
"中山區","女","41",1963
"中山區","女","42",2082
"中山區","女","43",1928
"中山區","女","44",2039
"中山區","女","45",1925
"中山區","女","46",1777
"中山區","女","47",2089
"中山區","女","48",1750
"中山區","女","49",1801
"中山區","女","50",1781
"中山區","女","51",1845
"中山區","女","52",1744
"中山區","女","53",1871
"中山區","女","54",1878
"中山區","女","55",1932
"中山區","女","56",1874
"中山區","女","57",1862
"中山區","女","58",1911
"中山區","女","59",1886
"中山區","女","60",1965
"中山區","女","61",1949
"中山區","女","62",1870
"中山區","女","63",1927
"中山區","女","64",1964
"中山區","女","65",1954
"中山區","女","66",1905
"中山區","女","67",1915
"中山區","女","68",2013
"中山區","女","69",1838
"中山區","女","70",1804
"中山區","女","71",1758
"中山區","女","72",1731
"中山區","女","73",1488
"中山區","女","74",1459
"中山區","女","75",1170
"中山區","女","76",1074
"中山區","女","77",803
"中山區","女","78",592
"中山區","女","79",753
"中山區","女","80",708
"中山區","女","81",681
"中山區","女","82",648
"中山區","女","83",614
"中山區","女","84",534
"中山區","女","85",476
"中山區","女","86",478
"中山區","女","87",389
"中山區","女","88",370
"中山區","女","89",339
"中山區","女","90",239
"中山區","女","91",232
"中山區","女","92",187
"中山區","女","93",147
"中山區","女","94",123
"中山區","女","95",105
"中山區","女","96",67
"中山區","女","97",46
"中山區","女","98",32
"中山區","女","99",29
"中山區","女","100",39
"中山區","女","總計",117001
"中正區","計","0~4",5230
"中正區","計","5~9",8865
"中正區","計","10~14",9347
"中正區","計","15~19",6184
"中正區","計","20~24",6177
"中正區","計","25~29",7320
"中正區","計","30~34",7899
"中正區","計","35~39",9873
"中正區","計","40~44",13160
"中正區","計","45~49",12723
"中正區","計","50~54",10447
"中正區","計","55~59",10098
"中正區","計","60~64",10142
"中正區","計","65~69",10120
"中正區","計","70~74",9209
"中正區","計","75~79",5484
"中正區","計","80~84",3777
"中正區","計","85~89",2426
"中正區","計","90~94",1193
"中正區","計","95~99",382
"中正區","計","0",841
"中正區","計","1",835
"中正區","計","2",1123
"中正區","計","3",1125
"中正區","計","4",1306
"中正區","計","5",1491
"中正區","計","6",1601
"中正區","計","7",1787
"中正區","計","8",1920
"中正區","計","9",2066
"中正區","計","10",1891
"中正區","計","11",2394
"中正區","計","12",2008
"中正區","計","13",1512
"中正區","計","14",1542
"中正區","計","15",1378
"中正區","計","16",1356
"中正區","計","17",1255
"中正區","計","18",1082
"中正區","計","19",1113
"中正區","計","20",1111
"中正區","計","21",1165
"中正區","計","22",1176
"中正區","計","23",1424
"中正區","計","24",1301
"中正區","計","25",1284
"中正區","計","26",1468
"中正區","計","27",1481
"中正區","計","28",1601
"中正區","計","29",1486
"中正區","計","30",1497
"中正區","計","31",1518
"中正區","計","32",1548
"中正區","計","33",1723
"中正區","計","34",1613
"中正區","計","35",1863
"中正區","計","36",1815
"中正區","計","37",1759
"中正區","計","38",2069
"中正區","計","39",2367
"中正區","計","40",2374
"中正區","計","41",2585
"中正區","計","42",2715
"中正區","計","43",2690
"中正區","計","44",2796
"中正區","計","45",2788
"中正區","計","46",2509
"中正區","計","47",2966
"中正區","計","48",2321
"中正區","計","49",2139
"中正區","計","50",2093
"中正區","計","51",2117
"中正區","計","52",2092
"中正區","計","53",2093
"中正區","計","54",2052
"中正區","計","55",2090
"中正區","計","56",1889
"中正區","計","57",2028
"中正區","計","58",2004
"中正區","計","59",2087
"中正區","計","60",2047
"中正區","計","61",1996
"中正區","計","62",1971
"中正區","計","63",2078
"中正區","計","64",2050
"中正區","計","65",2102
"中正區","計","66",1943
"中正區","計","67",2049
"中正區","計","68",2028
"中正區","計","69",1998
"中正區","計","70",1917
"中正區","計","71",1907
"中正區","計","72",1970
"中正區","計","73",1714
"中正區","計","74",1701
"中正區","計","75",1430
"中正區","計","76",1340
"中正區","計","77",1039
"中正區","計","78",823
"中正區","計","79",852
"中正區","計","80",862
"中正區","計","81",762
"中正區","計","82",788
"中正區","計","83",742
"中正區","計","84",623
"中正區","計","85",598
"中正區","計","86",541
"中正區","計","87",486
"中正區","計","88",425
"中正區","計","89",376
"中正區","計","90",321
"中正區","計","91",284
"中正區","計","92",251
"中正區","計","93",204
"中正區","計","94",133
"中正區","計","95",131
"中正區","計","96",95
"中正區","計","97",78
"中正區","計","98",44
"中正區","計","99",34
"中正區","計","100",98
"中正區","計","總計",150154
"中正區","男","0~4",2668
"中正區","男","5~9",4596
"中正區","男","10~14",4845
"中正區","男","15~19",3225
"中正區","男","20~24",3167
"中正區","男","25~29",3732
"中正區","男","30~34",3814
"中正區","男","35~39",4421
"中正區","男","40~44",5892
"中正區","男","45~49",5867
"中正區","男","50~54",4803
"中正區","男","55~59",4592
"中正區","男","60~64",4676
"中正區","男","65~69",4693
"中正區","男","70~74",4129
"中正區","男","75~79",2513
"中正區","男","80~84",1622
"中正區","男","85~89",932
"中正區","男","90~94",456
"中正區","男","95~99",181
"中正區","男","0",430
"中正區","男","1",451
"中正區","男","2",556
"中正區","男","3",588
"中正區","男","4",643
"中正區","男","5",760
"中正區","男","6",852
"中正區","男","7",923
"中正區","男","8",1000
"中正區","男","9",1061
"中正區","男","10",960
"中正區","男","11",1205
"中正區","男","12",1085
"中正區","男","13",810
"中正區","男","14",785
"中正區","男","15",738
"中正區","男","16",710
"中正區","男","17",658
"中正區","男","18",563
"中正區","男","19",556
"中正區","男","20",573
"中正區","男","21",569
"中正區","男","22",592
"中正區","男","23",751
"中正區","男","24",682
"中正區","男","25",627
"中正區","男","26",748
"中正區","男","27",788
"中正區","男","28",824
"中正區","男","29",745
"中正區","男","30",710
"中正區","男","31",734
"中正區","男","32",784
"中正區","男","33",828
"中正區","男","34",758
"中正區","男","35",847
"中正區","男","36",768
"中正區","男","37",783
"中正區","男","38",948
"中正區","男","39",1075
"中正區","男","40",1054
"中正區","男","41",1137
"中正區","男","42",1187
"中正區","男","43",1212
"中正區","男","44",1302
"中正區","男","45",1282
"中正區","男","46",1147
"中正區","男","47",1363
"中正區","男","48",1046
"中正區","男","49",1029
"中正區","男","50",948
"中正區","男","51",977
"中正區","男","52",973
"中正區","男","53",988
"中正區","男","54",917
"中正區","男","55",944
"中正區","男","56",864
"中正區","男","57",904
"中正區","男","58",919
"中正區","男","59",961
"中正區","男","60",929
"中正區","男","61",959
"中正區","男","62",862
"中正區","男","63",980
"中正區","男","64",946
"中正區","男","65",985
"中正區","男","66",895
"中正區","男","67",948
"中正區","男","68",948
"中正區","男","69",917
"中正區","男","70",900
"中正區","男","71",849
"中正區","男","72",868
"中正區","男","73",749
"中正區","男","74",763
"中正區","男","75",672
"中正區","男","76",613
"中正區","男","77",481
"中正區","男","78",370
"中正區","男","79",377
"中正區","男","80",363
"中正區","男","81",352
"中正區","男","82",331
"中正區","男","83",300
"中正區","男","84",276
"中正區","男","85",222
"中正區","男","86",206
"中正區","男","87",197
"中正區","男","88",171
"中正區","男","89",136
"中正區","男","90",120
"中正區","男","91",103
"中正區","男","92",100
"中正區","男","93",84
"中正區","男","94",49
"中正區","男","95",65
"中正區","男","96",46
"中正區","男","97",33
"中正區","男","98",18
"中正區","男","99",19
"中正區","男","100",44
"中正區","男","總計",70868
"中正區","女","0~4",2562
"中正區","女","5~9",4269
"中正區","女","10~14",4502
"中正區","女","15~19",2959
"中正區","女","20~24",3010
"中正區","女","25~29",3588
"中正區","女","30~34",4085
"中正區","女","35~39",5452
"中正區","女","40~44",7268
"中正區","女","45~49",6856
"中正區","女","50~54",5644
"中正區","女","55~59",5506
"中正區","女","60~64",5466
"中正區","女","65~69",5427
"中正區","女","70~74",5080
"中正區","女","75~79",2971
"中正區","女","80~84",2155
"中正區","女","85~89",1494
"中正區","女","90~94",737
"中正區","女","95~99",201
"中正區","女","0",411
"中正區","女","1",384
"中正區","女","2",567
"中正區","女","3",537
"中正區","女","4",663
"中正區","女","5",731
"中正區","女","6",749
"中正區","女","7",864
"中正區","女","8",920
"中正區","女","9",1005
"中正區","女","10",931
"中正區","女","11",1189
"中正區","女","12",923
"中正區","女","13",702
"中正區","女","14",757
"中正區","女","15",640
"中正區","女","16",646
"中正區","女","17",597
"中正區","女","18",519
"中正區","女","19",557
"中正區","女","20",538
"中正區","女","21",596
"中正區","女","22",584
"中正區","女","23",673
"中正區","女","24",619
"中正區","女","25",657
"中正區","女","26",720
"中正區","女","27",693
"中正區","女","28",777
"中正區","女","29",741
"中正區","女","30",787
"中正區","女","31",784
"中正區","女","32",764
"中正區","女","33",895
"中正區","女","34",855
"中正區","女","35",1016
"中正區","女","36",1047
"中正區","女","37",976
"中正區","女","38",1121
"中正區","女","39",1292
"中正區","女","40",1320
"中正區","女","41",1448
"中正區","女","42",1528
"中正區","女","43",1478
"中正區","女","44",1494
"中正區","女","45",1506
"中正區","女","46",1362
"中正區","女","47",1603
"中正區","女","48",1275
"中正區","女","49",1110
"中正區","女","50",1145
"中正區","女","51",1140
"中正區","女","52",1119
"中正區","女","53",1105
"中正區","女","54",1135
"中正區","女","55",1146
"中正區","女","56",1025
"中正區","女","57",1124
"中正區","女","58",1085
"中正區","女","59",1126
"中正區","女","60",1118
"中正區","女","61",1037
"中正區","女","62",1109
"中正區","女","63",1098
"中正區","女","64",1104
"中正區","女","65",1117
"中正區","女","66",1048
"中正區","女","67",1101
"中正區","女","68",1080
"中正區","女","69",1081
"中正區","女","70",1017
"中正區","女","71",1058
"中正區","女","72",1102
"中正區","女","73",965
"中正區","女","74",938
"中正區","女","75",758
"中正區","女","76",727
"中正區","女","77",558
"中正區","女","78",453
"中正區","女","79",475
"中正區","女","80",499
"中正區","女","81",410
"中正區","女","82",457
"中正區","女","83",442
"中正區","女","84",347
"中正區","女","85",376
"中正區","女","86",335
"中正區","女","87",289
"中正區","女","88",254
"中正區","女","89",240
"中正區","女","90",201
"中正區","女","91",181
"中正區","女","92",151
"中正區","女","93",120
"中正區","女","94",84
"中正區","女","95",66
"中正區","女","96",49
"中正區","女","97",45
"中正區","女","98",26
"中正區","女","99",15
"中正區","女","100",54
"中正區","女","總計",79286
"大同區","計","0~4",4005
"大同區","計","5~9",5035
"大同區","計","10~14",5190
"大同區","計","15~19",4627
"大同區","計","20~24",5351
"大同區","計","25~29",6626
"大同區","計","30~34",7430
"大同區","計","35~39",8560
"大同區","計","40~44",10528
"大同區","計","45~49",9703
"大同區","計","50~54",8639
"大同區","計","55~59",8800
"大同區","計","60~64",8911
"大同區","計","65~69",8854
"大同區","計","70~74",7582
"大同區","計","75~79",4084
"大同區","計","80~84",3106
"大同區","計","85~89",1947
"大同區","計","90~94",752
"大同區","計","95~99",196
"大同區","計","0",793
"大同區","計","1",651
"大同區","計","2",793
"大同區","計","3",837
"大同區","計","4",931
"大同區","計","5",924
"大同區","計","6",993
"大同區","計","7",1037
"大同區","計","8",1037
"大同區","計","9",1044
"大同區","計","10",966
"大同區","計","11",1278
"大同區","計","12",1078
"大同區","計","13",860
"大同區","計","14",1008
"大同區","計","15",934
"大同區","計","16",954
"大同區","計","17",956
"大同區","計","18",888
"大同區","計","19",895
"大同區","計","20",936
"大同區","計","21",1031
"大同區","計","22",986
"大同區","計","23",1219
"大同區","計","24",1179
"大同區","計","25",1097
"大同區","計","26",1325
"大同區","計","27",1342
"大同區","計","28",1431
"大同區","計","29",1431
"大同區","計","30",1369
"大同區","計","31",1477
"大同區","計","32",1467
"大同區","計","33",1595
"大同區","計","34",1522
"大同區","計","35",1836
"大同區","計","36",1588
"大同區","計","37",1491
"大同區","計","38",1706
"大同區","計","39",1939
"大同區","計","40",1971
"大同區","計","41",2092
"大同區","計","42",2202
"大同區","計","43",2121
"大同區","計","44",2142
"大同區","計","45",2081
"大同區","計","46",1973
"大同區","計","47",2176
"大同區","計","48",1739
"大同區","計","49",1734
"大同區","計","50",1670
"大同區","計","51",1675
"大同區","計","52",1732
"大同區","計","53",1801
"大同區","計","54",1761
"大同區","計","55",1747
"大同區","計","56",1709
"大同區","計","57",1791
"大同區","計","58",1746
"大同區","計","59",1807
"大同區","計","60",1818
"大同區","計","61",1863
"大同區","計","62",1717
"大同區","計","63",1776
"大同區","計","64",1737
"大同區","計","65",1874
"大同區","計","66",1728
"大同區","計","67",1807
"大同區","計","68",1747
"大同區","計","69",1698
"大同區","計","70",1638
"大同區","計","71",1659
"大同區","計","72",1604
"大同區","計","73",1409
"大同區","計","74",1272
"大同區","計","75",1090
"大同區","計","76",939
"大同區","計","77",754
"大同區","計","78",599
"大同區","計","79",702
"大同區","計","80",667
"大同區","計","81",703
"大同區","計","82",572
"大同區","計","83",603
"大同區","計","84",561
"大同區","計","85",514
"大同區","計","86",443
"大同區","計","87",370
"大同區","計","88",344
"大同區","計","89",276
"大同區","計","90",221
"大同區","計","91",187
"大同區","計","92",146
"大同區","計","93",111
"大同區","計","94",87
"大同區","計","95",60
"大同區","計","96",61
"大同區","計","97",30
"大同區","計","98",27
"大同區","計","99",18
"大同區","計","100",31
"大同區","計","總計",119957
"大同區","男","0~4",2080
"大同區","男","5~9",2554
"大同區","男","10~14",2691
"大同區","男","15~19",2390
"大同區","男","20~24",2748
"大同區","男","25~29",3343
"大同區","男","30~34",3611
"大同區","男","35~39",4016
"大同區","男","40~44",4955
"大同區","男","45~49",4633
"大同區","男","50~54",4080
"大同區","男","55~59",4261
"大同區","男","60~64",4242
"大同區","男","65~69",4130
"大同區","男","70~74",3544
"大同區","男","75~79",1865
"大同區","男","80~84",1279
"大同區","男","85~89",745
"大同區","男","90~94",249
"大同區","男","95~99",60
"大同區","男","0",397
"大同區","男","1",348
"大同區","男","2",404
"大同區","男","3",445
"大同區","男","4",486
"大同區","男","5",447
"大同區","男","6",534
"大同區","男","7",549
"大同區","男","8",521
"大同區","男","9",503
"大同區","男","10",496
"大同區","男","11",657
"大同區","男","12",552
"大同區","男","13",469
"大同區","男","14",517
"大同區","男","15",459
"大同區","男","16",507
"大同區","男","17",502
"大同區","男","18",449
"大同區","男","19",473
"大同區","男","20",469
"大同區","男","21",558
"大同區","男","22",492
"大同區","男","23",625
"大同區","男","24",604
"大同區","男","25",562
"大同區","男","26",671
"大同區","男","27",656
"大同區","男","28",729
"大同區","男","29",725
"大同區","男","30",658
"大同區","男","31",747
"大同區","男","32",729
"大同區","男","33",738
"大同區","男","34",739
"大同區","男","35",918
"大同區","男","36",726
"大同區","男","37",698
"大同區","男","38",772
"大同區","男","39",902
"大同區","男","40",937
"大同區","男","41",959
"大同區","男","42",1049
"大同區","男","43",994
"大同區","男","44",1016
"大同區","男","45",997
"大同區","男","46",935
"大同區","男","47",1060
"大同區","男","48",837
"大同區","男","49",804
"大同區","男","50",843
"大同區","男","51",800
"大同區","男","52",799
"大同區","男","53",836
"大同區","男","54",802
"大同區","男","55",867
"大同區","男","56",829
"大同區","男","57",845
"大同區","男","58",873
"大同區","男","59",847
"大同區","男","60",871
"大同區","男","61",864
"大同區","男","62",817
"大同區","男","63",843
"大同區","男","64",847
"大同區","男","65",880
"大同區","男","66",788
"大同區","男","67",868
"大同區","男","68",815
"大同區","男","69",779
"大同區","男","70",771
"大同區","男","71",785
"大同區","男","72",751
"大同區","男","73",625
"大同區","男","74",612
"大同區","男","75",525
"大同區","男","76",423
"大同區","男","77",374
"大同區","男","78",250
"大同區","男","79",293
"大同區","男","80",282
"大同區","男","81",308
"大同區","男","82",229
"大同區","男","83",252
"大同區","男","84",208
"大同區","男","85",203
"大同區","男","86",160
"大同區","男","87",140
"大同區","男","88",132
"大同區","男","89",110
"大同區","男","90",79
"大同區","男","91",58
"大同區","男","92",44
"大同區","男","93",39
"大同區","男","94",29
"大同區","男","95",15
"大同區","男","96",22
"大同區","男","97",11
"大同區","男","98",7
"大同區","男","99",5
"大同區","男","100",13
"大同區","男","總計",57489
"大同區","女","0~4",1925
"大同區","女","5~9",2481
"大同區","女","10~14",2499
"大同區","女","15~19",2237
"大同區","女","20~24",2603
"大同區","女","25~29",3283
"大同區","女","30~34",3819
"大同區","女","35~39",4544
"大同區","女","40~44",5573
"大同區","女","45~49",5070
"大同區","女","50~54",4559
"大同區","女","55~59",4539
"大同區","女","60~64",4669
"大同區","女","65~69",4724
"大同區","女","70~74",4038
"大同區","女","75~79",2219
"大同區","女","80~84",1827
"大同區","女","85~89",1202
"大同區","女","90~94",503
"大同區","女","95~99",136
"大同區","女","0",396
"大同區","女","1",303
"大同區","女","2",389
"大同區","女","3",392
"大同區","女","4",445
"大同區","女","5",477
"大同區","女","6",459
"大同區","女","7",488
"大同區","女","8",516
"大同區","女","9",541
"大同區","女","10",470
"大同區","女","11",621
"大同區","女","12",526
"大同區","女","13",391
"大同區","女","14",491
"大同區","女","15",475
"大同區","女","16",447
"大同區","女","17",454
"大同區","女","18",439
"大同區","女","19",422
"大同區","女","20",467
"大同區","女","21",473
"大同區","女","22",494
"大同區","女","23",594
"大同區","女","24",575
"大同區","女","25",535
"大同區","女","26",654
"大同區","女","27",686
"大同區","女","28",702
"大同區","女","29",706
"大同區","女","30",711
"大同區","女","31",730
"大同區","女","32",738
"大同區","女","33",857
"大同區","女","34",783
"大同區","女","35",918
"大同區","女","36",862
"大同區","女","37",793
"大同區","女","38",934
"大同區","女","39",1037
"大同區","女","40",1034
"大同區","女","41",1133
"大同區","女","42",1153
"大同區","女","43",1127
"大同區","女","44",1126
"大同區","女","45",1084
"大同區","女","46",1038
"大同區","女","47",1116
"大同區","女","48",902
"大同區","女","49",930
"大同區","女","50",827
"大同區","女","51",875
"大同區","女","52",933
"大同區","女","53",965
"大同區","女","54",959
"大同區","女","55",880
"大同區","女","56",880
"大同區","女","57",946
"大同區","女","58",873
"大同區","女","59",960
"大同區","女","60",947
"大同區","女","61",999
"大同區","女","62",900
"大同區","女","63",933
"大同區","女","64",890
"大同區","女","65",994
"大同區","女","66",940
"大同區","女","67",939
"大同區","女","68",932
"大同區","女","69",919
"大同區","女","70",867
"大同區","女","71",874
"大同區","女","72",853
"大同區","女","73",784
"大同區","女","74",660
"大同區","女","75",565
"大同區","女","76",516
"大同區","女","77",380
"大同區","女","78",349
"大同區","女","79",409
"大同區","女","80",385
"大同區","女","81",395
"大同區","女","82",343
"大同區","女","83",351
"大同區","女","84",353
"大同區","女","85",311
"大同區","女","86",283
"大同區","女","87",230
"大同區","女","88",212
"大同區","女","89",166
"大同區","女","90",142
"大同區","女","91",129
"大同區","女","92",102
"大同區","女","93",72
"大同區","女","94",58
"大同區","女","95",45
"大同區","女","96",39
"大同區","女","97",19
"大同區","女","98",20
"大同區","女","99",13
"大同區","女","100",18
"大同區","女","總計",62468
"萬華區","計","0~4",4975
"萬華區","計","5~9",5292
"萬華區","計","10~14",4814
"萬華區","計","15~19",6128
"萬華區","計","20~24",7916
"萬華區","計","25~29",9983
"萬華區","計","30~34",11075
"萬華區","計","35~39",11854
"萬華區","計","40~44",14183
"萬華區","計","45~49",13615
"萬華區","計","50~54",13196
"萬華區","計","55~59",13946
"萬華區","計","60~64",14368
"萬華區","計","65~69",13735
"萬華區","計","70~74",11750
"萬華區","計","75~79",6566
"萬華區","計","80~84",5177
"萬華區","計","85~89",2888
"萬華區","計","90~94",1473
"萬華區","計","95~99",420
"萬華區","計","0",1038
"萬華區","計","1",886
"萬華區","計","2",984
"萬華區","計","3",979
"萬華區","計","4",1088
"萬華區","計","5",1083
"萬華區","計","6",1020
"萬華區","計","7",1074
"萬華區","計","8",1093
"萬華區","計","9",1022
"萬華區","計","10",898
"萬華區","計","11",1067
"萬華區","計","12",940
"萬華區","計","13",870
"萬華區","計","14",1039
"萬華區","計","15",1114
"萬華區","計","16",1247
"萬華區","計","17",1222
"萬華區","計","18",1216
"萬華區","計","19",1329
"萬華區","計","20",1367
"萬華區","計","21",1529
"萬華區","計","22",1529
"萬華區","計","23",1795
"萬華區","計","24",1696
"萬華區","計","25",1657
"萬華區","計","26",1996
"萬華區","計","27",2051
"萬華區","計","28",2178
"萬華區","計","29",2101
"萬華區","計","30",2188
"萬華區","計","31",2186
"萬華區","計","32",2170
"萬華區","計","33",2321
"萬華區","計","34",2210
"萬華區","計","35",2370
"萬華區","計","36",2261
"萬華區","計","37",2151
"萬華區","計","38",2410
"萬華區","計","39",2662
"萬華區","計","40",2723
"萬華區","計","41",2833
"萬華區","計","42",2898
"萬華區","計","43",2805
"萬華區","計","44",2924
"萬華區","計","45",2840
"萬華區","計","46",2635
"萬華區","計","47",3052
"萬華區","計","48",2532
"萬華區","計","49",2556
"萬華區","計","50",2471
"萬華區","計","51",2587
"萬華區","計","52",2643
"萬華區","計","53",2757
"萬華區","計","54",2738
"萬華區","計","55",2794
"萬華區","計","56",2712
"萬華區","計","57",2758
"萬華區","計","58",2840
"萬華區","計","59",2842
"萬華區","計","60",2934
"萬華區","計","61",2916
"萬華區","計","62",2751
"萬華區","計","63",2865
"萬華區","計","64",2902
"萬華區","計","65",2872
"萬華區","計","66",2628
"萬華區","計","67",2793
"萬華區","計","68",2777
"萬華區","計","69",2665
"萬華區","計","70",2466
"萬華區","計","71",2516
"萬華區","計","72",2559
"萬華區","計","73",2113
"萬華區","計","74",2096
"萬華區","計","75",1803
"萬華區","計","76",1519
"萬華區","計","77",1207
"萬華區","計","78",924
"萬華區","計","79",1113
"萬華區","計","80",1125
"萬華區","計","81",1028
"萬華區","計","82",1097
"萬華區","計","83",1014
"萬華區","計","84",913
"萬華區","計","85",752
"萬華區","計","86",620
"萬華區","計","87",585
"萬華區","計","88",513
"萬華區","計","89",418
"萬華區","計","90",376
"萬華區","計","91",318
"萬華區","計","92",310
"萬華區","計","93",259
"萬華區","計","94",210
"萬華區","計","95",163
"萬華區","計","96",109
"萬華區","計","97",69
"萬華區","計","98",50
"萬華區","計","99",29
"萬華區","計","100",77
"萬華區","計","總計",173431
"萬華區","男","0~4",2533
"萬華區","男","5~9",2770
"萬華區","男","10~14",2554
"萬華區","男","15~19",3207
"萬華區","男","20~24",4096
"萬華區","男","25~29",5064
"萬華區","男","30~34",5585
"萬華區","男","35~39",5835
"萬華區","男","40~44",7135
"萬華區","男","45~49",6699
"萬華區","男","50~54",6341
"萬華區","男","55~59",6691
"萬華區","男","60~64",6766
"萬華區","男","65~69",6516
"萬華區","男","70~74",5397
"萬華區","男","75~79",2797
"萬華區","男","80~84",2075
"萬華區","男","85~89",1072
"萬華區","男","90~94",622
"萬華區","男","95~99",187
"萬華區","男","0",536
"萬華區","男","1",444
"萬華區","男","2",489
"萬華區","男","3",493
"萬華區","男","4",571
"萬華區","男","5",558
"萬華區","男","6",546
"萬華區","男","7",540
"萬華區","男","8",587
"萬華區","男","9",539
"萬華區","男","10",489
"萬華區","男","11",562
"萬華區","男","12",472
"萬華區","男","13",464
"萬華區","男","14",567
"萬華區","男","15",612
"萬華區","男","16",639
"萬華區","男","17",615
"萬華區","男","18",648
"萬華區","男","19",693
"萬華區","男","20",684
"萬華區","男","21",811
"萬華區","男","22",826
"萬華區","男","23",912
"萬華區","男","24",863
"萬華區","男","25",849
"萬華區","男","26",1011
"萬華區","男","27",1046
"萬華區","男","28",1100
"萬華區","男","29",1058
"萬華區","男","30",1080
"萬華區","男","31",1128
"萬華區","男","32",1069
"萬華區","男","33",1187
"萬華區","男","34",1121
"萬華區","男","35",1188
"萬華區","男","36",1151
"萬華區","男","37",1034
"萬華區","男","38",1177
"萬華區","男","39",1285
"萬華區","男","40",1382
"萬華區","男","41",1439
"萬華區","男","42",1469
"萬華區","男","43",1417
"萬華區","男","44",1428
"萬華區","男","45",1419
"萬華區","男","46",1306
"萬華區","男","47",1485
"萬華區","男","48",1209
"萬華區","男","49",1280
"萬華區","男","50",1173
"萬華區","男","51",1258
"萬華區","男","52",1308
"萬華區","男","53",1279
"萬華區","男","54",1323
"萬華區","男","55",1384
"萬華區","男","56",1317
"萬華區","男","57",1319
"萬華區","男","58",1344
"萬華區","男","59",1327
"萬華區","男","60",1367
"萬華區","男","61",1421
"萬華區","男","62",1281
"萬華區","男","63",1347
"萬華區","男","64",1350
"萬華區","男","65",1381
"萬華區","男","66",1254
"萬華區","男","67",1336
"萬華區","男","68",1284
"萬華區","男","69",1261
"萬華區","男","70",1149
"萬華區","男","71",1192
"萬華區","男","72",1189
"萬華區","男","73",939
"萬華區","男","74",928
"萬華區","男","75",810
"萬華區","男","76",629
"萬華區","男","77",515
"萬華區","男","78",392
"萬華區","男","79",451
"萬華區","男","80",458
"萬華區","男","81",440
"萬華區","男","82",430
"萬華區","男","83",396
"萬華區","男","84",351
"萬華區","男","85",260
"萬華區","男","86",239
"萬華區","男","87",217
"萬華區","男","88",188
"萬華區","男","89",168
"萬華區","男","90",152
"萬華區","男","91",119
"萬華區","男","92",135
"萬華區","男","93",109
"萬華區","男","94",107
"萬華區","男","95",71
"萬華區","男","96",52
"萬華區","男","97",30
"萬華區","男","98",25
"萬華區","男","99",9
"萬華區","男","100",45
"萬華區","男","總計",83987
"萬華區","女","0~4",2442
"萬華區","女","5~9",2522
"萬華區","女","10~14",2260
"萬華區","女","15~19",2921
"萬華區","女","20~24",3820
"萬華區","女","25~29",4919
"萬華區","女","30~34",5490
"萬華區","女","35~39",6019
"萬華區","女","40~44",7048
"萬華區","女","45~49",6916
"萬華區","女","50~54",6855
"萬華區","女","55~59",7255
"萬華區","女","60~64",7602
"萬華區","女","65~69",7219
"萬華區","女","70~74",6353
"萬華區","女","75~79",3769
"萬華區","女","80~84",3102
"萬華區","女","85~89",1816
"萬華區","女","90~94",851
"萬華區","女","95~99",233
"萬華區","女","0",502
"萬華區","女","1",442
"萬華區","女","2",495
"萬華區","女","3",486
"萬華區","女","4",517
"萬華區","女","5",525
"萬華區","女","6",474
"萬華區","女","7",534
"萬華區","女","8",506
"萬華區","女","9",483
"萬華區","女","10",409
"萬華區","女","11",505
"萬華區","女","12",468
"萬華區","女","13",406
"萬華區","女","14",472
"萬華區","女","15",502
"萬華區","女","16",608
"萬華區","女","17",607
"萬華區","女","18",568
"萬華區","女","19",636
"萬華區","女","20",683
"萬華區","女","21",718
"萬華區","女","22",703
"萬華區","女","23",883
"萬華區","女","24",833
"萬華區","女","25",808
"萬華區","女","26",985
"萬華區","女","27",1005
"萬華區","女","28",1078
"萬華區","女","29",1043
"萬華區","女","30",1108
"萬華區","女","31",1058
"萬華區","女","32",1101
"萬華區","女","33",1134
"萬華區","女","34",1089
"萬華區","女","35",1182
"萬華區","女","36",1110
"萬華區","女","37",1117
"萬華區","女","38",1233
"萬華區","女","39",1377
"萬華區","女","40",1341
"萬華區","女","41",1394
"萬華區","女","42",1429
"萬華區","女","43",1388
"萬華區","女","44",1496
"萬華區","女","45",1421
"萬華區","女","46",1329
"萬華區","女","47",1567
"萬華區","女","48",1323
"萬華區","女","49",1276
"萬華區","女","50",1298
"萬華區","女","51",1329
"萬華區","女","52",1335
"萬華區","女","53",1478
"萬華區","女","54",1415
"萬華區","女","55",1410
"萬華區","女","56",1395
"萬華區","女","57",1439
"萬華區","女","58",1496
"萬華區","女","59",1515
"萬華區","女","60",1567
"萬華區","女","61",1495
"萬華區","女","62",1470
"萬華區","女","63",1518
"萬華區","女","64",1552
"萬華區","女","65",1491
"萬華區","女","66",1374
"萬華區","女","67",1457
"萬華區","女","68",1493
"萬華區","女","69",1404
"萬華區","女","70",1317
"萬華區","女","71",1324
"萬華區","女","72",1370
"萬華區","女","73",1174
"萬華區","女","74",1168
"萬華區","女","75",993
"萬華區","女","76",890
"萬華區","女","77",692
"萬華區","女","78",532
"萬華區","女","79",662
"萬華區","女","80",667
"萬華區","女","81",588
"萬華區","女","82",667
"萬華區","女","83",618
"萬華區","女","84",562
"萬華區","女","85",492
"萬華區","女","86",381
"萬華區","女","87",368
"萬華區","女","88",325
"萬華區","女","89",250
"萬華區","女","90",224
"萬華區","女","91",199
"萬華區","女","92",175
"萬華區","女","93",150
"萬華區","女","94",103
"萬華區","女","95",92
"萬華區","女","96",57
"萬華區","女","97",39
"萬華區","女","98",25
"萬華區","女","99",20
"萬華區","女","100",32
"萬華區","女","總計",89444
"文山區","計","0~4",8100
"文山區","計","5~9",11558
"文山區","計","10~14",12014
"文山區","計","15~19",11340
"文山區","計","20~24",13345
"文山區","計","25~29",15759
"文山區","計","30~34",15680
"文山區","計","35~39",17091
"文山區","計","40~44",21333
"文山區","計","45~49",20734
"文山區","計","50~54",20650
"文山區","計","55~59",20759
"文山區","計","60~64",19546
"文山區","計","65~69",17953
"文山區","計","70~74",14896
"文山區","計","75~79",8142
"文山區","計","80~84",5812
"文山區","計","85~89",3224
"文山區","計","90~94",1667
"文山區","計","95~99",585
"文山區","計","0",1448
"文山區","計","1",1387
"文山區","計","2",1668
"文山區","計","3",1680
"文山區","計","4",1917
"文山區","計","5",2026
"文山區","計","6",2184
"文山區","計","7",2386
"文山區","計","8",2484
"文山區","計","9",2478
"文山區","計","10",2213
"文山區","計","11",2876
"文山區","計","12",2552
"文山區","計","13",2077
"文山區","計","14",2296
"文山區","計","15",2231
"文山區","計","16",2406
"文山區","計","17",2258
"文山區","計","18",2223
"文山區","計","19",2222
"文山區","計","20",2237
"文山區","計","21",2570
"文山區","計","22",2497
"文山區","計","23",3050
"文山區","計","24",2991
"文山區","計","25",2811
"文山區","計","26",3209
"文山區","計","27",3127
"文山區","計","28",3350
"文山區","計","29",3262
"文山區","計","30",3121
"文山區","計","31",3144
"文山區","計","32",2962
"文山區","計","33",3372
"文山區","計","34",3081
"文山區","計","35",3448
"文山區","計","36",3219
"文山區","計","37",3166
"文山區","計","38",3505
"文山區","計","39",3753
"文山區","計","40",3983
"文山區","計","41",4369
"文山區","計","42",4293
"文山區","計","43",4303
"文山區","計","44",4385
"文山區","計","45",4263
"文山區","計","46",3829
"文山區","計","47",4684
"文山區","計","48",3979
"文山區","計","49",3979
"文山區","計","50",3985
"文山區","計","51",3856
"文山區","計","52",4147
"文山區","計","53",4285
"文山區","計","54",4377
"文山區","計","55",4233
"文山區","計","56",4092
"文山區","計","57",4172
"文山區","計","58",4090
"文山區","計","59",4172
"文山區","計","60",4096
"文山區","計","61",3988
"文山區","計","62",3892
"文山區","計","63",3878
"文山區","計","64",3692
"文山區","計","65",3838
"文山區","計","66",3574
"文山區","計","67",3664
"文山區","計","68",3560
"文山區","計","69",3317
"文山區","計","70",3271
"文山區","計","71",3278
"文山區","計","72",3118
"文山區","計","73",2710
"文山區","計","74",2519
"文山區","計","75",2151
"文山區","計","76",1929
"文山區","計","77",1520
"文山區","計","78",1218
"文山區","計","79",1324
"文山區","計","80",1375
"文山區","計","81",1317
"文山區","計","82",1141
"文山區","計","83",1052
"文山區","計","84",927
"文山區","計","85",854
"文山區","計","86",725
"文山區","計","87",640
"文山區","計","88",549
"文山區","計","89",456
"文山區","計","90",434
"文山區","計","91",367
"文山區","計","92",328
"文山區","計","93",311
"文山區","計","94",227
"文山區","計","95",193
"文山區","計","96",143
"文山區","計","97",113
"文山區","計","98",71
"文山區","計","99",65
"文山區","計","100",110
"文山區","計","總計",260298
"文山區","男","0~4",4196
"文山區","男","5~9",5969
"文山區","男","10~14",6173
"文山區","男","15~19",5932
"文山區","男","20~24",6942
"文山區","男","25~29",8084
"文山區","男","30~34",7805
"文山區","男","35~39",8042
"文山區","男","40~44",10020
"文山區","男","45~49",9427
"文山區","男","50~54",9487
"文山區","男","55~59",9635
"文山區","男","60~64",9084
"文山區","男","65~69",8242
"文山區","男","70~74",6673
"文山區","男","75~79",3454
"文山區","男","80~84",2227
"文山區","男","85~89",1129
"文山區","男","90~94",739
"文山區","男","95~99",290
"文山區","男","0",738
"文山區","男","1",718
"文山區","男","2",866
"文山區","男","3",877
"文山區","男","4",997
"文山區","男","5",1041
"文山區","男","6",1144
"文山區","男","7",1218
"文山區","男","8",1285
"文山區","男","9",1281
"文山區","男","10",1138
"文山區","男","11",1478
"文山區","男","12",1304
"文山區","男","13",1078
"文山區","男","14",1175
"文山區","男","15",1148
"文山區","男","16",1266
"文山區","男","17",1169
"文山區","男","18",1190
"文山區","男","19",1159
"文山區","男","20",1189
"文山區","男","21",1309
"文山區","男","22",1297
"文山區","男","23",1598
"文山區","男","24",1549
"文山區","男","25",1484
"文山區","男","26",1679
"文山區","男","27",1579
"文山區","男","28",1680
"文山區","男","29",1662
"文山區","男","30",1529
"文山區","男","31",1608
"文山區","男","32",1512
"文山區","男","33",1659
"文山區","男","34",1497
"文山區","男","35",1590
"文山區","男","36",1538
"文山區","男","37",1486
"文山區","男","38",1610
"文山區","男","39",1818
"文山區","男","40",1873
"文山區","男","41",2104
"文山區","男","42",2029
"文山區","男","43",1999
"文山區","男","44",2015
"文山區","男","45",1950
"文山區","男","46",1712
"文山區","男","47",2147
"文山區","男","48",1784
"文山區","男","49",1834
"文山區","男","50",1802
"文山區","男","51",1779
"文山區","男","52",1880
"文山區","男","53",1984
"文山區","男","54",2042
"文山區","男","55",1898
"文山區","男","56",1861
"文山區","男","57",1964
"文山區","男","58",1985
"文山區","男","59",1927
"文山區","男","60",1905
"文山區","男","61",1865
"文山區","男","62",1821
"文山區","男","63",1814
"文山區","男","64",1679
"文山區","男","65",1721
"文山區","男","66",1626
"文山區","男","67",1696
"文山區","男","68",1668
"文山區","男","69",1531
"文山區","男","70",1479
"文山區","男","71",1504
"文山區","男","72",1397
"文山區","男","73",1215
"文山區","男","74",1078
"文山區","男","75",922
"文山區","男","76",814
"文山區","男","77",676
"文山區","男","78",492
"文山區","男","79",550
"文山區","男","80",551
"文山區","男","81",528
"文山區","男","82",454
"文山區","男","83",383
"文山區","男","84",311
"文山區","男","85",319
"文山區","男","86",260
"文山區","男","87",216
"文山區","男","88",167
"文山區","男","89",167
"文山區","男","90",151
"文山區","男","91",171
"文山區","男","92",159
"文山區","男","93",160
"文山區","男","94",98
"文山區","男","95",99
"文山區","男","96",68
"文山區","男","97",55
"文山區","男","98",38
"文山區","男","99",30
"文山區","男","100",55
"文山區","男","總計",123605
"文山區","女","0~4",3904
"文山區","女","5~9",5589
"文山區","女","10~14",5841
"文山區","女","15~19",5408
"文山區","女","20~24",6403
"文山區","女","25~29",7675
"文山區","女","30~34",7875
"文山區","女","35~39",9049
"文山區","女","40~44",11313
"文山區","女","45~49",11307
"文山區","女","50~54",11163
"文山區","女","55~59",11124
"文山區","女","60~64",10462
"文山區","女","65~69",9711
"文山區","女","70~74",8223
"文山區","女","75~79",4688
"文山區","女","80~84",3585
"文山區","女","85~89",2095
"文山區","女","90~94",928
"文山區","女","95~99",295
"文山區","女","0",710
"文山區","女","1",669
"文山區","女","2",802
"文山區","女","3",803
"文山區","女","4",920
"文山區","女","5",985
"文山區","女","6",1040
"文山區","女","7",1168
"文山區","女","8",1199
"文山區","女","9",1197
"文山區","女","10",1075
"文山區","女","11",1398
"文山區","女","12",1248
"文山區","女","13",999
"文山區","女","14",1121
"文山區","女","15",1083
"文山區","女","16",1140
"文山區","女","17",1089
"文山區","女","18",1033
"文山區","女","19",1063
"文山區","女","20",1048
"文山區","女","21",1261
"文山區","女","22",1200
"文山區","女","23",1452
"文山區","女","24",1442
"文山區","女","25",1327
"文山區","女","26",1530
"文山區","女","27",1548
"文山區","女","28",1670
"文山區","女","29",1600
"文山區","女","30",1592
"文山區","女","31",1536
"文山區","女","32",1450
"文山區","女","33",1713
"文山區","女","34",1584
"文山區","女","35",1858
"文山區","女","36",1681
"文山區","女","37",1680
"文山區","女","38",1895
"文山區","女","39",1935
"文山區","女","40",2110
"文山區","女","41",2265
"文山區","女","42",2264
"文山區","女","43",2304
"文山區","女","44",2370
"文山區","女","45",2313
"文山區","女","46",2117
"文山區","女","47",2537
"文山區","女","48",2195
"文山區","女","49",2145
"文山區","女","50",2183
"文山區","女","51",2077
"文山區","女","52",2267
"文山區","女","53",2301
"文山區","女","54",2335
"文山區","女","55",2335
"文山區","女","56",2231
"文山區","女","57",2208
"文山區","女","58",2105
"文山區","女","59",2245
"文山區","女","60",2191
"文山區","女","61",2123
"文山區","女","62",2071
"文山區","女","63",2064
"文山區","女","64",2013
"文山區","女","65",2117
"文山區","女","66",1948
"文山區","女","67",1968
"文山區","女","68",1892
"文山區","女","69",1786
"文山區","女","70",1792
"文山區","女","71",1774
"文山區","女","72",1721
"文山區","女","73",1495
"文山區","女","74",1441
"文山區","女","75",1229
"文山區","女","76",1115
"文山區","女","77",844
"文山區","女","78",726
"文山區","女","79",774
"文山區","女","80",824
"文山區","女","81",789
"文山區","女","82",687
"文山區","女","83",669
"文山區","女","84",616
"文山區","女","85",535
"文山區","女","86",465
"文山區","女","87",424
"文山區","女","88",382
"文山區","女","89",289
"文山區","女","90",283
"文山區","女","91",196
"文山區","女","92",169
"文山區","女","93",151
"文山區","女","94",129
"文山區","女","95",94
"文山區","女","96",75
"文山區","女","97",58
"文山區","女","98",33
"文山區","女","99",35
"文山區","女","100",55
"文山區","女","總計",136693
"南港區","計","0~4",3942
"南港區","計","5~9",4933
"南港區","計","10~14",4165
"南港區","計","15~19",4499
"南港區","計","20~24",5673
"南港區","計","25~29",6589
"南港區","計","30~34",7499
"南港區","計","35~39",8501
"南港區","計","40~44",10201
"南港區","計","45~49",9404
"南港區","計","50~54",8844
"南港區","計","55~59",8603
"南港區","計","60~64",8216
"南港區","計","65~69",7800
"南港區","計","70~74",6701
"南港區","計","75~79",3554
"南港區","計","80~84",2596
"南港區","計","85~89",1368
"南港區","計","90~94",603
"南港區","計","95~99",174
"南港區","計","0",707
"南港區","計","1",682
"南港區","計","2",780
"南港區","計","3",825
"南港區","計","4",948
"南港區","計","5",984
"南港區","計","6",971
"南港區","計","7",993
"南港區","計","8",1001
"南港區","計","9",984
"南港區","計","10",812
"南港區","計","11",902
"南港區","計","12",821
"南港區","計","13",764
"南港區","計","14",866
"南港區","計","15",874
"南港區","計","16",883
"南港區","計","17",869
"南港區","計","18",921
"南港區","計","19",952
"南港區","計","20",967
"南港區","計","21",1086
"南港區","計","22",1086
"南港區","計","23",1282
"南港區","計","24",1252
"南港區","計","25",1095
"南港區","計","26",1320
"南港區","計","27",1360
"南港區","計","28",1433
"南港區","計","29",1381
"南港區","計","30",1425
"南港區","計","31",1466
"南港區","計","32",1512
"南港區","計","33",1628
"南港區","計","34",1468
"南港區","計","35",1707
"南港區","計","36",1578
"南港區","計","37",1574
"南港區","計","38",1737
"南港區","計","39",1905
"南港區","計","40",1964
"南港區","計","41",2050
"南港區","計","42",2141
"南港區","計","43",1986
"南港區","計","44",2060
"南港區","計","45",2009
"南港區","計","46",1788
"南港區","計","47",2117
"南港區","計","48",1736
"南港區","計","49",1754
"南港區","計","50",1824
"南港區","計","51",1709
"南港區","計","52",1676
"南港區","計","53",1848
"南港區","計","54",1787
"南港區","計","55",1834
"南港區","計","56",1633
"南港區","計","57",1690
"南港區","計","58",1647
"南港區","計","59",1799
"南港區","計","60",1715
"南港區","計","61",1589
"南港區","計","62",1593
"南港區","計","63",1718
"南港區","計","64",1601
"南港區","計","65",1643
"南港區","計","66",1524
"南港區","計","67",1680
"南港區","計","68",1570
"南港區","計","69",1383
"南港區","計","70",1466
"南港區","計","71",1399
"南港區","計","72",1424
"南港區","計","73",1215
"南港區","計","74",1197
"南港區","計","75",944
"南港區","計","76",828
"南港區","計","77",609
"南港區","計","78",560
"南港區","計","79",613
"南港區","計","80",595
"南港區","計","81",573
"南港區","計","82",498
"南港區","計","83",507
"南港區","計","84",423
"南港區","計","85",379
"南港區","計","86",320
"南港區","計","87",255
"南港區","計","88",235
"南港區","計","89",179
"南港區","計","90",159
"南港區","計","91",141
"南港區","計","92",137
"南港區","計","93",99
"南港區","計","94",67
"南港區","計","95",68
"南港區","計","96",36
"南港區","計","97",36
"南港區","計","98",19
"南港區","計","99",15
"南港區","計","100",28
"南港區","計","總計",113893
"南港區","男","0~4",2054
"南港區","男","5~9",2591
"南港區","男","10~14",2132
"南港區","男","15~19",2385
"南港區","男","20~24",2925
"南港區","男","25~29",3279
"南港區","男","30~34",3693
"南港區","男","35~39",4119
"南港區","男","40~44",5000
"南港區","男","45~49",4563
"南港區","男","50~54",4218
"南港區","男","55~59",4108
"南港區","男","60~64",3844
"南港區","男","65~69",3630
"南港區","男","70~74",3002
"南港區","男","75~79",1576
"南港區","男","80~84",1024
"南港區","男","85~89",506
"南港區","男","90~94",230
"南港區","男","95~99",80
"南港區","男","0",374
"南港區","男","1",336
"南港區","男","2",403
"南港區","男","3",451
"南港區","男","4",490
"南港區","男","5",516
"南港區","男","6",541
"南港區","男","7",504
"南港區","男","8",520
"南港區","男","9",510
"南港區","男","10",436
"南港區","男","11",437
"南港區","男","12",437
"南港區","男","13",386
"南港區","男","14",436
"南港區","男","15",454
"南港區","男","16",453
"南港區","男","17",460
"南港區","男","18",504
"南港區","男","19",514
"南港區","男","20",486
"南港區","男","21",552
"南港區","男","22",565
"南港區","男","23",685
"南港區","男","24",637
"南港區","男","25",576
"南港區","男","26",674
"南港區","男","27",666
"南港區","男","28",699
"南港區","男","29",664
"南港區","男","30",681
"南港區","男","31",727
"南港區","男","32",775
"南港區","男","33",795
"南港區","男","34",715
"南港區","男","35",863
"南港區","男","36",798
"南港區","男","37",726
"南港區","男","38",812
"南港區","男","39",920
"南港區","男","40",963
"南港區","男","41",994
"南港區","男","42",1046
"南港區","男","43",996
"南港區","男","44",1001
"南港區","男","45",983
"南港區","男","46",858
"南港區","男","47",1086
"南港區","男","48",818
"南港區","男","49",818
"南港區","男","50",891
"南港區","男","51",787
"南港區","男","52",802
"南港區","男","53",885
"南港區","男","54",853
"南港區","男","55",842
"南港區","男","56",770
"南港區","男","57",821
"南港區","男","58",786
"南港區","男","59",889
"南港區","男","60",811
"南港區","男","61",733
"南港區","男","62",751
"南港區","男","63",812
"南港區","男","64",737
"南港區","男","65",734
"南港區","男","66",677
"南港區","男","67",779
"南港區","男","68",769
"南港區","男","69",671
"南港區","男","70",689
"南港區","男","71",628
"南港區","男","72",656
"南港區","男","73",521
"南港區","男","74",508
"南港區","男","75",424
"南港區","男","76",345
"南港區","男","77",284
"南港區","男","78",251
"南港區","男","79",272
"南港區","男","80",253
"南港區","男","81",239
"南港區","男","82",197
"南港區","男","83",182
"南港區","男","84",153
"南港區","男","85",140
"南港區","男","86",124
"南港區","男","87",96
"南港區","男","88",82
"南港區","男","89",64
"南港區","男","90",53
"南港區","男","91",53
"南港區","男","92",56
"南港區","男","93",33
"南港區","男","94",35
"南港區","男","95",27
"南港區","男","96",20
"南港區","男","97",17
"南港區","男","98",10
"南港區","男","99",6
"南港區","男","100",15
"南港區","男","總計",54974
"南港區","女","0~4",1888
"南港區","女","5~9",2342
"南港區","女","10~14",2033
"南港區","女","15~19",2114
"南港區","女","20~24",2748
"南港區","女","25~29",3310
"南港區","女","30~34",3806
"南港區","女","35~39",4382
"南港區","女","40~44",5201
"南港區","女","45~49",4841
"南港區","女","50~54",4626
"南港區","女","55~59",4495
"南港區","女","60~64",4372
"南港區","女","65~69",4170
"南港區","女","70~74",3699
"南港區","女","75~79",1978
"南港區","女","80~84",1572
"南港區","女","85~89",862
"南港區","女","90~94",373
"南港區","女","95~99",94
"南港區","女","0",333
"南港區","女","1",346
"南港區","女","2",377
"南港區","女","3",374
"南港區","女","4",458
"南港區","女","5",468
"南港區","女","6",430
"南港區","女","7",489
"南港區","女","8",481
"南港區","女","9",474
"南港區","女","10",376
"南港區","女","11",465
"南港區","女","12",384
"南港區","女","13",378
"南港區","女","14",430
"南港區","女","15",420
"南港區","女","16",430
"南港區","女","17",409
"南港區","女","18",417
"南港區","女","19",438
"南港區","女","20",481
"南港區","女","21",534
"南港區","女","22",521
"南港區","女","23",597
"南港區","女","24",615
"南港區","女","25",519
"南港區","女","26",646
"南港區","女","27",694
"南港區","女","28",734
"南港區","女","29",717
"南港區","女","30",744
"南港區","女","31",739
"南港區","女","32",737
"南港區","女","33",833
"南港區","女","34",753
"南港區","女","35",844
"南港區","女","36",780
"南港區","女","37",848
"南港區","女","38",925
"南港區","女","39",985
"南港區","女","40",1001
"南港區","女","41",1056
"南港區","女","42",1095
"南港區","女","43",990
"南港區","女","44",1059
"南港區","女","45",1026
"南港區","女","46",930
"南港區","女","47",1031
"南港區","女","48",918
"南港區","女","49",936
"南港區","女","50",933
"南港區","女","51",922
"南港區","女","52",874
"南港區","女","53",963
"南港區","女","54",934
"南港區","女","55",992
"南港區","女","56",863
"南港區","女","57",869
"南港區","女","58",861
"南港區","女","59",910
"南港區","女","60",904
"南港區","女","61",856
"南港區","女","62",842
"南港區","女","63",906
"南港區","女","64",864
"南港區","女","65",909
"南港區","女","66",847
"南港區","女","67",901
"南港區","女","68",801
"南港區","女","69",712
"南港區","女","70",777
"南港區","女","71",771
"南港區","女","72",768
"南港區","女","73",694
"南港區","女","74",689
"南港區","女","75",520
"南港區","女","76",483
"南港區","女","77",325
"南港區","女","78",309
"南港區","女","79",341
"南港區","女","80",342
"南港區","女","81",334
"南港區","女","82",301
"南港區","女","83",325
"南港區","女","84",270
"南港區","女","85",239
"南港區","女","86",196
"南港區","女","87",159
"南港區","女","88",153
"南港區","女","89",115
"南港區","女","90",106
"南港區","女","91",88
"南港區","女","92",81
"南港區","女","93",66
"南港區","女","94",32
"南港區","女","95",41
"南港區","女","96",16
"南港區","女","97",19
"南港區","女","98",9
"南港區","女","99",9
"南港區","女","100",13
"南港區","女","總計",58919
"內湖區","計","0~4",10201
"內湖區","計","5~9",13978
"內湖區","計","10~14",13096
"內湖區","計","15~19",11476
"內湖區","計","20~24",13085
"內湖區","計","25~29",16508
"內湖區","計","30~34",18898
"內湖區","計","35~39",20894
"內湖區","計","40~44",24762
"內湖區","計","45~49",21626
"內湖區","計","50~54",19579
"內湖區","計","55~59",20425
"內湖區","計","60~64",21456
"內湖區","計","65~69",20307
"內湖區","計","70~74",14527
"內湖區","計","75~79",6769
"內湖區","計","80~84",4254
"內湖區","計","85~89",2498
"內湖區","計","90~94",1337
"內湖區","計","95~99",414
"內湖區","計","0",1823
"內湖區","計","1",1769
"內湖區","計","2",2075
"內湖區","計","3",2176
"內湖區","計","4",2358
"內湖區","計","5",2524
"內湖區","計","6",2580
"內湖區","計","7",2899
"內湖區","計","8",3012
"內湖區","計","9",2963
"內湖區","計","10",2672
"內湖區","計","11",3135
"內湖區","計","12",2663
"內湖區","計","13",2198
"內湖區","計","14",2428
"內湖區","計","15",2330
"內湖區","計","16",2397
"內湖區","計","17",2341
"內湖區","計","18",2141
"內湖區","計","19",2267
"內湖區","計","20",2158
"內湖區","計","21",2436
"內湖區","計","22",2452
"內湖區","計","23",3138
"內湖區","計","24",2901
"內湖區","計","25",2737
"內湖區","計","26",3330
"內湖區","計","27",3382
"內湖區","計","28",3571
"內湖區","計","29",3488
"內湖區","計","30",3694
"內湖區","計","31",3678
"內湖區","計","32",3713
"內湖區","計","33",3999
"內湖區","計","34",3814
"內湖區","計","35",4303
"內湖區","計","36",3927
"內湖區","計","37",3794
"內湖區","計","38",4358
"內湖區","計","39",4512
"內湖區","計","40",4806
"內湖區","計","41",4961
"內湖區","計","42",5035
"內湖區","計","43",4916
"內湖區","計","44",5044
"內湖區","計","45",4675
"內湖區","計","46",4208
"內湖區","計","47",4812
"內湖區","計","48",4063
"內湖區","計","49",3868
"內湖區","計","50",3794
"內湖區","計","51",3698
"內湖區","計","52",3912
"內湖區","計","53",4057
"內湖區","計","54",4118
"內湖區","計","55",4045
"內湖區","計","56",3975
"內湖區","計","57",3945
"內湖區","計","58",4160
"內湖區","計","59",4300
"內湖區","計","60",4379
"內湖區","計","61",4335
"內湖區","計","62",4256
"內湖區","計","63",4244
"內湖區","計","64",4242
"內湖區","計","65",4315
"內湖區","計","66",4079
"內湖區","計","67",4235
"內湖區","計","68",4027
"內湖區","計","69",3651
"內湖區","計","70",3441
"內湖區","計","71",3252
"內湖區","計","72",2989
"內湖區","計","73",2538
"內湖區","計","74",2307
"內湖區","計","75",1895
"內湖區","計","76",1593
"內湖區","計","77",1216
"內湖區","計","78",989
"內湖區","計","79",1076
"內湖區","計","80",1027
"內湖區","計","81",871
"內湖區","計","82",841
"內湖區","計","83",785
"內湖區","計","84",730
"內湖區","計","85",652
"內湖區","計","86",531
"內湖區","計","87",518
"內湖區","計","88",459
"內湖區","計","89",338
"內湖區","計","90",343
"內湖區","計","91",296
"內湖區","計","92",269
"內湖區","計","93",234
"內湖區","計","94",195
"內湖區","計","95",144
"內湖區","計","96",111
"內湖區","計","97",71
"內湖區","計","98",51
"內湖區","計","99",37
"內湖區","計","100",83
"內湖區","計","總計",276173
"內湖區","男","0~4",5172
"內湖區","男","5~9",7187
"內湖區","男","10~14",6684
"內湖區","男","15~19",5997
"內湖區","男","20~24",6768
"內湖區","男","25~29",8393
"內湖區","男","30~34",9228
"內湖區","男","35~39",9732
"內湖區","男","40~44",11641
"內湖區","男","45~49",9890
"內湖區","男","50~54",8858
"內湖區","男","55~59",9114
"內湖區","男","60~64",9545
"內湖區","男","65~69",9346
"內湖區","男","70~74",6759
"內湖區","男","75~79",3065
"內湖區","男","80~84",1623
"內湖區","男","85~89",799
"內湖區","男","90~94",527
"內湖區","男","95~99",198
"內湖區","男","0",930
"內湖區","男","1",893
"內湖區","男","2",1026
"內湖區","男","3",1130
"內湖區","男","4",1193
"內湖區","男","5",1305
"內湖區","男","6",1297
"內湖區","男","7",1519
"內湖區","男","8",1594
"內湖區","男","9",1472
"內湖區","男","10",1360
"內湖區","男","11",1594
"內湖區","男","12",1378
"內湖區","男","13",1122
"內湖區","男","14",1230
"內湖區","男","15",1260
"內湖區","男","16",1222
"內湖區","男","17",1181
"內湖區","男","18",1138
"內湖區","男","19",1196
"內湖區","男","20",1112
"內湖區","男","21",1287
"內湖區","男","22",1250
"內湖區","男","23",1596
"內湖區","男","24",1523
"內湖區","男","25",1446
"內湖區","男","26",1686
"內湖區","男","27",1686
"內湖區","男","28",1804
"內湖區","男","29",1771
"內湖區","男","30",1805
"內湖區","男","31",1795
"內湖區","男","32",1830
"內湖區","男","33",1992
"內湖區","男","34",1806
"內湖區","男","35",1980
"內湖區","男","36",1857
"內湖區","男","37",1714
"內湖區","男","38",2050
"內湖區","男","39",2131
"內湖區","男","40",2233
"內湖區","男","41",2403
"內湖區","男","42",2335
"內湖區","男","43",2324
"內湖區","男","44",2346
"內湖區","男","45",2151
"內湖區","男","46",1905
"內湖區","男","47",2185
"內湖區","男","48",1892
"內湖區","男","49",1757
"內湖區","男","50",1797
"內湖區","男","51",1632
"內湖區","男","52",1735
"內湖區","男","53",1836
"內湖區","男","54",1858
"內湖區","男","55",1846
"內湖區","男","56",1744
"內湖區","男","57",1733
"內湖區","男","58",1856
"內湖區","男","59",1935
"內湖區","男","60",1972
"內湖區","男","61",1897
"內湖區","男","62",1912
"內湖區","男","63",1888
"內湖區","男","64",1876
"內湖區","男","65",1969
"內湖區","男","66",1826
"內湖區","男","67",1965
"內湖區","男","68",1853
"內湖區","男","69",1733
"內湖區","男","70",1652
"內湖區","男","71",1547
"內湖區","男","72",1377
"內湖區","男","73",1142
"內湖區","男","74",1041
"內湖區","男","75",885
"內湖區","男","76",726
"內湖區","男","77",578
"內湖區","男","78",419
"內湖區","男","79",457
"內湖區","男","80",415
"內湖區","男","81",354
"內湖區","男","82",317
"內湖區","男","83",288
"內湖區","男","84",249
"內湖區","男","85",213
"內湖區","男","86",181
"內湖區","男","87",156
"內湖區","男","88",150
"內湖區","男","89",99
"內湖區","男","90",117
"內湖區","男","91",111
"內湖區","男","92",109
"內湖區","男","93",104
"內湖區","男","94",86
"內湖區","男","95",68
"內湖區","男","96",54
"內湖區","男","97",32
"內湖區","男","98",25
"內湖區","男","99",19
"內湖區","男","100",39
"內湖區","男","總計",130565
"內湖區","女","0~4",5029
"內湖區","女","5~9",6791
"內湖區","女","10~14",6412
"內湖區","女","15~19",5479
"內湖區","女","20~24",6317
"內湖區","女","25~29",8115
"內湖區","女","30~34",9670
"內湖區","女","35~39",11162
"內湖區","女","40~44",13121
"內湖區","女","45~49",11736
"內湖區","女","50~54",10721
"內湖區","女","55~59",11311
"內湖區","女","60~64",11911
"內湖區","女","65~69",10961
"內湖區","女","70~74",7768
"內湖區","女","75~79",3704
"內湖區","女","80~84",2631
"內湖區","女","85~89",1699
"內湖區","女","90~94",810
"內湖區","女","95~99",216
"內湖區","女","0",893
"內湖區","女","1",876
"內湖區","女","2",1049
"內湖區","女","3",1046
"內湖區","女","4",1165
"內湖區","女","5",1219
"內湖區","女","6",1283
"內湖區","女","7",1380
"內湖區","女","8",1418
"內湖區","女","9",1491
"內湖區","女","10",1312
"內湖區","女","11",1541
"內湖區","女","12",1285
"內湖區","女","13",1076
"內湖區","女","14",1198
"內湖區","女","15",1070
"內湖區","女","16",1175
"內湖區","女","17",1160
"內湖區","女","18",1003
"內湖區","女","19",1071
"內湖區","女","20",1046
"內湖區","女","21",1149
"內湖區","女","22",1202
"內湖區","女","23",1542
"內湖區","女","24",1378
"內湖區","女","25",1291
"內湖區","女","26",1644
"內湖區","女","27",1696
"內湖區","女","28",1767
"內湖區","女","29",1717
"內湖區","女","30",1889
"內湖區","女","31",1883
"內湖區","女","32",1883
"內湖區","女","33",2007
"內湖區","女","34",2008
"內湖區","女","35",2323
"內湖區","女","36",2070
"內湖區","女","37",2080
"內湖區","女","38",2308
"內湖區","女","39",2381
"內湖區","女","40",2573
"內湖區","女","41",2558
"內湖區","女","42",2700
"內湖區","女","43",2592
"內湖區","女","44",2698
"內湖區","女","45",2524
"內湖區","女","46",2303
"內湖區","女","47",2627
"內湖區","女","48",2171
"內湖區","女","49",2111
"內湖區","女","50",1997
"內湖區","女","51",2066
"內湖區","女","52",2177
"內湖區","女","53",2221
"內湖區","女","54",2260
"內湖區","女","55",2199
"內湖區","女","56",2231
"內湖區","女","57",2212
"內湖區","女","58",2304
"內湖區","女","59",2365
"內湖區","女","60",2407
"內湖區","女","61",2438
"內湖區","女","62",2344
"內湖區","女","63",2356
"內湖區","女","64",2366
"內湖區","女","65",2346
"內湖區","女","66",2253
"內湖區","女","67",2270
"內湖區","女","68",2174
"內湖區","女","69",1918
"內湖區","女","70",1789
"內湖區","女","71",1705
"內湖區","女","72",1612
"內湖區","女","73",1396
"內湖區","女","74",1266
"內湖區","女","75",1010
"內湖區","女","76",867
"內湖區","女","77",638
"內湖區","女","78",570
"內湖區","女","79",619
"內湖區","女","80",612
"內湖區","女","81",517
"內湖區","女","82",524
"內湖區","女","83",497
"內湖區","女","84",481
"內湖區","女","85",439
"內湖區","女","86",350
"內湖區","女","87",362
"內湖區","女","88",309
"內湖區","女","89",239
"內湖區","女","90",226
"內湖區","女","91",185
"內湖區","女","92",160
"內湖區","女","93",130
"內湖區","女","94",109
"內湖區","女","95",76
"內湖區","女","96",57
"內湖區","女","97",39
"內湖區","女","98",26
"內湖區","女","99",18
"內湖區","女","100",44
"內湖區","女","總計",145608
"士林區","計","0~4",8337
"士林區","計","5~9",11007
"士林區","計","10~14",10836
"士林區","計","15~19",10695
"士林區","計","20~24",12307
"士林區","計","25~29",15237
"士林區","計","30~34",16249
"士林區","計","35~39",18403
"士林區","計","40~44",22158
"士林區","計","45~49",20426
"士林區","計","50~54",19306
"士林區","計","55~59",19496
"士林區","計","60~64",20458
"士林區","計","65~69",20995
"士林區","計","70~74",17815
"士林區","計","75~79",9646
"士林區","計","80~84",6945
"士林區","計","85~89",3947
"士林區","計","90~94",1926
"士林區","計","95~99",561
"士林區","計","0",1493
"士林區","計","1",1467
"士林區","計","2",1722
"士林區","計","3",1732
"士林區","計","4",1923
"士林區","計","5",1985
"士林區","計","6",2129
"士林區","計","7",2184
"士林區","計","8",2341
"士林區","計","9",2368
"士林區","計","10",2055
"士林區","計","11",2536
"士林區","計","12",2279
"士林區","計","13",1877
"士林區","計","14",2089
"士林區","計","15",2073
"士林區","計","16",2220
"士林區","計","17",2143
"士林區","計","18",2112
"士林區","計","19",2147
"士林區","計","20",2102
"士林區","計","21",2311
"士林區","計","22",2310
"士林區","計","23",2859
"士林區","計","24",2725
"士林區","計","25",2607
"士林區","計","26",3117
"士林區","計","27",2984
"士林區","計","28",3275
"士林區","計","29",3254
"士林區","計","30",3219
"士林區","計","31",3098
"士林區","計","32",3190
"士林區","計","33",3455
"士林區","計","34",3287
"士林區","計","35",3743
"士林區","計","36",3319
"士林區","計","37",3353
"士林區","計","38",3804
"士林區","計","39",4184
"士林區","計","40",4223
"士林區","計","41",4502
"士林區","計","42",4563
"士林區","計","43",4457
"士林區","計","44",4413
"士林區","計","45",4376
"士林區","計","46",3927
"士林區","計","47",4550
"士林區","計","48",3774
"士林區","計","49",3799
"士林區","計","50",3725
"士林區","計","51",3628
"士林區","計","52",3862
"士林區","計","53",4025
"士林區","計","54",4066
"士林區","計","55",3962
"士林區","計","56",3749
"士林區","計","57",3925
"士林區","計","58",3894
"士林區","計","59",3966
"士林區","計","60",4125
"士林區","計","61",3995
"士林區","計","62",4025
"士林區","計","63",4109
"士林區","計","64",4204
"士林區","計","65",4277
"士林區","計","66",4099
"士林區","計","67",4272
"士林區","計","68",4225
"士林區","計","69",4122
"士林區","計","70",3820
"士林區","計","71",3859
"士林區","計","72",3803
"士林區","計","73",3308
"士林區","計","74",3025
"士林區","計","75",2519
"士林區","計","76",2320
"士林區","計","77",1754
"士林區","計","78",1432
"士林區","計","79",1621
"士林區","計","80",1549
"士林區","計","81",1508
"士林區","計","82",1373
"士林區","計","83",1301
"士林區","計","84",1214
"士林區","計","85",1021
"士林區","計","86",921
"士林區","計","87",737
"士林區","計","88",691
"士林區","計","89",577
"士林區","計","90",531
"士林區","計","91",433
"士林區","計","92",398
"士林區","計","93",293
"士林區","計","94",271
"士林區","計","95",169
"士林區","計","96",147
"士林區","計","97",113
"士林區","計","98",90
"士林區","計","99",42
"士林區","計","100",91
"士林區","計","總計",266841
"士林區","男","0~4",4272
"士林區","男","5~9",5654
"士林區","男","10~14",5637
"士林區","男","15~19",5627
"士林區","男","20~24",6482
"士林區","男","25~29",7689
"士林區","男","30~34",8080
"士林區","男","35~39",8824
"士林區","男","40~44",10504
"士林區","男","45~49",9706
"士林區","男","50~54",9166
"士林區","男","55~59",9240
"士林區","男","60~64",9400
"士林區","男","65~69",9632
"士林區","男","70~74",8177
"士林區","男","75~79",4246
"士林區","男","80~84",2905
"士林區","男","85~89",1492
"士林區","男","90~94",763
"士林區","男","95~99",230
"士林區","男","0",770
"士林區","男","1",741
"士林區","男","2",877
"士林區","男","3",894
"士林區","男","4",990
"士林區","男","5",1017
"士林區","男","6",1067
"士林區","男","7",1130
"士林區","男","8",1208
"士林區","男","9",1232
"士林區","男","10",1090
"士林區","男","11",1330
"士林區","男","12",1199
"士林區","男","13",953
"士林區","男","14",1065
"士林區","男","15",1103
"士林區","男","16",1128
"士林區","男","17",1140
"士林區","男","18",1125
"士林區","男","19",1131
"士林區","男","20",1079
"士林區","男","21",1248
"士林區","男","22",1197
"士林區","男","23",1509
"士林區","男","24",1449
"士林區","男","25",1300
"士林區","男","26",1591
"士林區","男","27",1515
"士林區","男","28",1669
"士林區","男","29",1614
"士林區","男","30",1628
"士林區","男","31",1583
"士林區","男","32",1570
"士林區","男","33",1728
"士林區","男","34",1571
"士林區","男","35",1821
"士林區","男","36",1604
"士林區","男","37",1546
"士林區","男","38",1830
"士林區","男","39",2023
"士林區","男","40",1938
"士林區","男","41",2177
"士林區","男","42",2204
"士林區","男","43",2121
"士林區","男","44",2064
"士林區","男","45",2106
"士林區","男","46",1901
"士林區","男","47",2158
"士林區","男","48",1745
"士林區","男","49",1796
"士林區","男","50",1818
"士林區","男","51",1730
"士林區","男","52",1820
"士林區","男","53",1940
"士林區","男","54",1858
"士林區","男","55",1879
"士林區","男","56",1811
"士林區","男","57",1863
"士林區","男","58",1856
"士林區","男","59",1831
"士林區","男","60",1884
"士林區","男","61",1836
"士林區","男","62",1840
"士林區","男","63",1918
"士林區","男","64",1922
"士林區","男","65",1950
"士林區","男","66",1854
"士林區","男","67",1976
"士林區","男","68",1959
"士林區","男","69",1893
"士林區","男","70",1798
"士林區","男","71",1757
"士林區","男","72",1786
"士林區","男","73",1447
"士林區","男","74",1389
"士林區","男","75",1122
"士林區","男","76",1067
"士林區","男","77",762
"士林區","男","78",605
"士林區","男","79",690
"士林區","男","80",662
"士林區","男","81",640
"士林區","男","82",566
"士林區","男","83",552
"士林區","男","84",485
"士林區","男","85",405
"士林區","男","86",352
"士林區","男","87",267
"士林區","男","88",261
"士林區","男","89",207
"士林區","男","90",209
"士林區","男","91",172
"士林區","男","92",155
"士林區","男","93",124
"士林區","男","94",103
"士林區","男","95",71
"士林區","男","96",64
"士林區","男","97",43
"士林區","男","98",36
"士林區","男","99",16
"士林區","男","100",39
"士林區","男","總計",127765
"士林區","女","0~4",4065
"士林區","女","5~9",5353
"士林區","女","10~14",5199
"士林區","女","15~19",5068
"士林區","女","20~24",5825
"士林區","女","25~29",7548
"士林區","女","30~34",8169
"士林區","女","35~39",9579
"士林區","女","40~44",11654
"士林區","女","45~49",10720
"士林區","女","50~54",10140
"士林區","女","55~59",10256
"士林區","女","60~64",11058
"士林區","女","65~69",11363
"士林區","女","70~74",9638
"士林區","女","75~79",5400
"士林區","女","80~84",4040
"士林區","女","85~89",2455
"士林區","女","90~94",1163
"士林區","女","95~99",331
"士林區","女","0",723
"士林區","女","1",726
"士林區","女","2",845
"士林區","女","3",838
"士林區","女","4",933
"士林區","女","5",968
"士林區","女","6",1062
"士林區","女","7",1054
"士林區","女","8",1133
"士林區","女","9",1136
"士林區","女","10",965
"士林區","女","11",1206
"士林區","女","12",1080
"士林區","女","13",924
"士林區","女","14",1024
"士林區","女","15",970
"士林區","女","16",1092
"士林區","女","17",1003
"士林區","女","18",987
"士林區","女","19",1016
"士林區","女","20",1023
"士林區","女","21",1063
"士林區","女","22",1113
"士林區","女","23",1350
"士林區","女","24",1276
"士林區","女","25",1307
"士林區","女","26",1526
"士林區","女","27",1469
"士林區","女","28",1606
"士林區","女","29",1640
"士林區","女","30",1591
"士林區","女","31",1515
"士林區","女","32",1620
"士林區","女","33",1727
"士林區","女","34",1716
"士林區","女","35",1922
"士林區","女","36",1715
"士林區","女","37",1807
"士林區","女","38",1974
"士林區","女","39",2161
"士林區","女","40",2285
"士林區","女","41",2325
"士林區","女","42",2359
"士林區","女","43",2336
"士林區","女","44",2349
"士林區","女","45",2270
"士林區","女","46",2026
"士林區","女","47",2392
"士林區","女","48",2029
"士林區","女","49",2003
"士林區","女","50",1907
"士林區","女","51",1898
"士林區","女","52",2042
"士林區","女","53",2085
"士林區","女","54",2208
"士林區","女","55",2083
"士林區","女","56",1938
"士林區","女","57",2062
"士林區","女","58",2038
"士林區","女","59",2135
"士林區","女","60",2241
"士林區","女","61",2159
"士林區","女","62",2185
"士林區","女","63",2191
"士林區","女","64",2282
"士林區","女","65",2327
"士林區","女","66",2245
"士林區","女","67",2296
"士林區","女","68",2266
"士林區","女","69",2229
"士林區","女","70",2022
"士林區","女","71",2102
"士林區","女","72",2017
"士林區","女","73",1861
"士林區","女","74",1636
"士林區","女","75",1397
"士林區","女","76",1253
"士林區","女","77",992
"士林區","女","78",827
"士林區","女","79",931
"士林區","女","80",887
"士林區","女","81",868
"士林區","女","82",807
"士林區","女","83",749
"士林區","女","84",729
"士林區","女","85",616
"士林區","女","86",569
"士林區","女","87",470
"士林區","女","88",430
"士林區","女","89",370
"士林區","女","90",322
"士林區","女","91",261
"士林區","女","92",243
"士林區","女","93",169
"士林區","女","94",168
"士林區","女","95",98
"士林區","女","96",83
"士林區","女","97",70
"士林區","女","98",54
"士林區","女","99",26
"士林區","女","100",52
"士林區","女","總計",139076
"北投區","計","0~4",7963
"北投區","計","5~9",10885
"北投區","計","10~14",11064
"北投區","計","15~19",9840
"北投區","計","20~24",11245
"北投區","計","25~29",13530
"北投區","計","30~34",14938
"北投區","計","35~39",16649
"北投區","計","40~44",21131
"北投區","計","45~49",19643
"北投區","計","50~54",18238
"北投區","計","55~59",17457
"北投區","計","60~64",18057
"北投區","計","65~69",17790
"北投區","計","70~74",14983
"北投區","計","75~79",8110
"北投區","計","80~84",5671
"北投區","計","85~89",3025
"北投區","計","90~94",1564
"北投區","計","95~99",501
"北投區","計","0",1373
"北投區","計","1",1373
"北投區","計","2",1620
"北投區","計","3",1726
"北投區","計","4",1871
"北投區","計","5",1864
"北投區","計","6",2067
"北投區","計","7",2206
"北投區","計","8",2292
"北投區","計","9",2456
"北投區","計","10",2221
"北投區","計","11",2624
"北投區","計","12",2299
"北投區","計","13",1869
"北投區","計","14",2051
"北投區","計","15",2018
"北投區","計","16",2018
"北投區","計","17",1919
"北投區","計","18",1936
"北投區","計","19",1949
"北投區","計","20",1953
"北投區","計","21",2060
"北投區","計","22",2169
"北投區","計","23",2566
"北投區","計","24",2497
"北投區","計","25",2259
"北投區","計","26",2745
"北投區","計","27",2800
"北投區","計","28",2862
"北投區","計","29",2864
"北投區","計","30",2953
"北投區","計","31",2842
"北投區","計","32",2978
"北投區","計","33",3144
"北投區","計","34",3021
"北投區","計","35",3431
"北投區","計","36",2991
"北投區","計","37",2957
"北投區","計","38",3535
"北投區","計","39",3735
"北投區","計","40",3949
"北投區","計","41",4151
"北投區","計","42",4447
"北投區","計","43",4253
"北投區","計","44",4331
"北投區","計","45",4175
"北投區","計","46",3719
"北投區","計","47",4400
"北投區","計","48",3714
"北投區","計","49",3635
"北投區","計","50",3580
"北投區","計","51",3570
"北投區","計","52",3690
"北投區","計","53",3738
"北投區","計","54",3660
"北投區","計","55",3605
"北投區","計","56",3366
"北投區","計","57",3361
"北投區","計","58",3536
"北投區","計","59",3589
"北投區","計","60",3574
"北投區","計","61",3600
"北投區","計","62",3613
"北投區","計","63",3639
"北投區","計","64",3631
"北投區","計","65",3671
"北投區","計","66",3480
"北投區","計","67",3584
"北投區","計","68",3643
"北投區","計","69",3412
"北投區","計","70",3299
"北投區","計","71",3262
"北投區","計","72",3155
"北投區","計","73",2772
"北投區","計","74",2495
"北投區","計","75",2142
"北投區","計","76",1820
"北投區","計","77",1469
"北投區","計","78",1218
"北投區","計","79",1461
"北投區","計","80",1294
"北投區","計","81",1240
"北投區","計","82",1151
"北投區","計","83",1051
"北投區","計","84",935
"北投區","計","85",779
"北投區","計","86",706
"北投區","計","87",603
"北投區","計","88",506
"北投區","計","89",431
"北投區","計","90",424
"北投區","計","91",381
"北投區","計","92",300
"北投區","計","93",256
"北投區","計","94",203
"北投區","計","95",164
"北投區","計","96",128
"北投區","計","97",106
"北投區","計","98",64
"北投區","計","99",39
"北投區","計","100",95
"北投區","計","總計",242379
"北投區","男","0~4",4100
"北投區","男","5~9",5687
"北投區","男","10~14",5771
"北投區","男","15~19",5053
"北投區","男","20~24",5724
"北投區","男","25~29",6839
"北投區","男","30~34",7466
"北投區","男","35~39",8061
"北投區","男","40~44",9901
"北投區","男","45~49",9399
"北投區","男","50~54",8485
"北投區","男","55~59",8151
"北投區","男","60~64",8210
"北投區","男","65~69",8022
"北投區","男","70~74",6733
"北投區","男","75~79",3561
"北投區","男","80~84",2307
"北投區","男","85~89",1103
"北投區","男","90~94",655
"北投區","男","95~99",206
"北投區","男","0",702
"北投區","男","1",656
"北投區","男","2",866
"北投區","男","3",894
"北投區","男","4",982
"北投區","男","5",996
"北投區","男","6",1055
"北投區","男","7",1185
"北投區","男","8",1197
"北投區","男","9",1254
"北投區","男","10",1150
"北投區","男","11",1399
"北投區","男","12",1209
"北投區","男","13",962
"北投區","男","14",1051
"北投區","男","15",1057
"北投區","男","16",1017
"北投區","男","17",965
"北投區","男","18",988
"北投區","男","19",1026
"北投區","男","20",991
"北投區","男","21",1071
"北投區","男","22",1077
"北投區","男","23",1308
"北投區","男","24",1277
"北投區","男","25",1164
"北投區","男","26",1403
"北投區","男","27",1414
"北投區","男","28",1449
"北投區","男","29",1409
"北投區","男","30",1459
"北投區","男","31",1388
"北投區","男","32",1555
"北投區","男","33",1545
"北投區","男","34",1519
"北投區","男","35",1670
"北投區","男","36",1464
"北投區","男","37",1406
"北投區","男","38",1707
"北投區","男","39",1814
"北投區","男","40",1874
"北投區","男","41",1966
"北投區","男","42",2050
"北投區","男","43",2016
"北投區","男","44",1995
"北投區","男","45",1944
"北投區","男","46",1794
"北投區","男","47",2128
"北投區","男","48",1793
"北投區","男","49",1740
"北投區","男","50",1730
"北投區","男","51",1692
"北投區","男","52",1726
"北投區","男","53",1696
"北投區","男","54",1641
"北投區","男","55",1679
"北投區","男","56",1596
"北投區","男","57",1574
"北投區","男","58",1646
"北投區","男","59",1656
"北投區","男","60",1653
"北投區","男","61",1616
"北投區","男","62",1655
"北投區","男","63",1618
"北投區","男","64",1668
"北投區","男","65",1685
"北投區","男","66",1564
"北投區","男","67",1560
"北投區","男","68",1678
"北投區","男","69",1535
"北投區","男","70",1501
"北投區","男","71",1501
"北投區","男","72",1402
"北投區","男","73",1254
"北投區","男","74",1075
"北投區","男","75",962
"北投區","男","76",772
"北投區","男","77",660
"北投區","男","78",525
"北投區","男","79",642
"北投區","男","80",546
"北投區","男","81",522
"北投區","男","82",458
"北投區","男","83",425
"北投區","男","84",356
"北投區","男","85",288
"北投區","男","86",262
"北投區","男","87",223
"北投區","男","88",163
"北投區","男","89",167
"北投區","男","90",160
"北投區","男","91",164
"北投區","男","92",136
"北投區","男","93",111
"北投區","男","94",84
"北投區","男","95",76
"北投區","男","96",51
"北投區","男","97",49
"北投區","男","98",19
"北投區","男","99",11
"北投區","男","100",34
"北投區","男","總計",115468
"北投區","女","0~4",3863
"北投區","女","5~9",5198
"北投區","女","10~14",5293
"北投區","女","15~19",4787
"北投區","女","20~24",5521
"北投區","女","25~29",6691
"北投區","女","30~34",7472
"北投區","女","35~39",8588
"北投區","女","40~44",11230
"北投區","女","45~49",10244
"北投區","女","50~54",9753
"北投區","女","55~59",9306
"北投區","女","60~64",9847
"北投區","女","65~69",9768
"北投區","女","70~74",8250
"北投區","女","75~79",4549
"北投區","女","80~84",3364
"北投區","女","85~89",1922
"北投區","女","90~94",909
"北投區","女","95~99",295
"北投區","女","0",671
"北投區","女","1",717
"北投區","女","2",754
"北投區","女","3",832
"北投區","女","4",889
"北投區","女","5",868
"北投區","女","6",1012
"北投區","女","7",1021
"北投區","女","8",1095
"北投區","女","9",1202
"北投區","女","10",1071
"北投區","女","11",1225
"北投區","女","12",1090
"北投區","女","13",907
"北投區","女","14",1000
"北投區","女","15",961
"北投區","女","16",1001
"北投區","女","17",954
"北投區","女","18",948
"北投區","女","19",923
"北投區","女","20",962
"北投區","女","21",989
"北投區","女","22",1092
"北投區","女","23",1258
"北投區","女","24",1220
"北投區","女","25",1095
"北投區","女","26",1342
"北投區","女","27",1386
"北投區","女","28",1413
"北投區","女","29",1455
"北投區","女","30",1494
"北投區","女","31",1454
"北投區","女","32",1423
"北投區","女","33",1599
"北投區","女","34",1502
"北投區","女","35",1761
"北投區","女","36",1527
"北投區","女","37",1551
"北投區","女","38",1828
"北投區","女","39",1921
"北投區","女","40",2075
"北投區","女","41",2185
"北投區","女","42",2397
"北投區","女","43",2237
"北投區","女","44",2336
"北投區","女","45",2231
"北投區","女","46",1925
"北投區","女","47",2272
"北投區","女","48",1921
"北投區","女","49",1895
"北投區","女","50",1850
"北投區","女","51",1878
"北投區","女","52",1964
"北投區","女","53",2042
"北投區","女","54",2019
"北投區","女","55",1926
"北投區","女","56",1770
"北投區","女","57",1787
"北投區","女","58",1890
"北投區","女","59",1933
"北投區","女","60",1921
"北投區","女","61",1984
"北投區","女","62",1958
"北投區","女","63",2021
"北投區","女","64",1963
"北投區","女","65",1986
"北投區","女","66",1916
"北投區","女","67",2024
"北投區","女","68",1965
"北投區","女","69",1877
"北投區","女","70",1798
"北投區","女","71",1761
"北投區","女","72",1753
"北投區","女","73",1518
"北投區","女","74",1420
"北投區","女","75",1180
"北投區","女","76",1048
"北投區","女","77",809
"北投區","女","78",693
"北投區","女","79",819
"北投區","女","80",748
"北投區","女","81",718
"北投區","女","82",693
"北投區","女","83",626
"北投區","女","84",579
"北投區","女","85",491
"北投區","女","86",444
"北投區","女","87",380
"北投區","女","88",343
"北投區","女","89",264
"北投區","女","90",264
"北投區","女","91",217
"北投區","女","92",164
"北投區","女","93",145
"北投區","女","94",119
"北投區","女","95",88
"北投區","女","96",77
"北投區","女","97",57
"北投區","女","98",45
"北投區","女","99",28
"北投區","女","100",61
"北投區","女","總計",126911
